hotel_id,timestamp,occupancy_rate,bookings,cancellations,revenue_per_room,average_stay_length
4,2024-11-28T02:21:53.080766,0.624,52,2,194.79,4.4
1,2024-11-28T00:45:00.000Z,0.75,85,3,150.5,2.5
10,2024-11-28T02:21:58.093211,0.516,53,3,143.01,4.3
5,2024-11-28T02:22:03.110702,0.607,53,3,102.78,2.9
1,2024-11-28T02:22:08.123199,0.859,71,5,145.54,3.3
5,2024-11-28T02:22:13.137649,0.604,52,2,86.58,2.1
1,2024-11-28T02:22:18.153203,0.53,43,2,127.84,3.4
1,2024-11-28T02:22:23.169302,0.79,73,4,82.99,2.4
9,2024-11-28T02:22:28.183200,0.865,102,6,191.39,2.9
4,2024-11-28T02:22:33.200656,0.555,49,3,175.73,2.1
9,2024-11-28T02:22:38.218292,0.898,97,6,154.53,3.5
3,2024-11-28T02:22:43.232359,0.505,42,1,164.57,2.0
1,2024-11-28T02:22:48.245215,0.675,77,5,143.97,1.8
9,2024-11-28T02:22:53.261628,0.651,53,1,141.14,1.7
6,2024-11-28T02:22:58.279619,0.597,53,4,172.3,3.6
1,2024-11-28T02:23:03.293214,0.549,50,2,183.81,2.0
9,2024-11-28T02:23:08.311238,0.952,105,3,158.15,4.3
5,2024-11-28T02:23:13.329304,0.675,77,5,157.05,3.3
1,2024-11-28T02:23:18.343195,0.66,63,3,136.24,3.1
5,2024-11-28T02:23:23.353196,0.798,90,6,182.61,2.6
3,2024-11-28T02:23:28.368878,0.593,69,3,154.74,4.1
4,2024-11-28T02:23:33.383196,0.564,48,1,131.95,1.9
4,2024-11-28T02:23:38.399315,0.757,73,2,113.08,3.0
2,2024-11-28T02:23:43.413201,0.686,70,5,102.71,2.1
2,2024-11-28T02:23:48.429286,0.778,68,5,83.17,3.7
5,2024-11-28T02:23:53.445495,0.655,68,4,87.37,1.9
2,2024-11-28T02:23:58.462227,0.517,48,3,92.75,2.4
5,2024-11-28T02:24:03.478448,0.588,57,3,152.73,4.4
4,2024-11-28T02:24:08.493202,0.683,63,3,159.76,3.4
7,2024-11-28T02:24:13.508944,0.656,74,5,117.69,3.2
1,2024-11-28T02:24:18.523198,0.627,68,3,156.99,1.7
3,2024-11-28T02:24:23.535980,0.562,50,3,154.46,2.9
8,2024-11-28T02:24:28.553214,0.942,82,4,195.03,2.1
7,2024-11-28T02:24:33.569505,0.525,45,2,85.14,2.2
1,2024-11-28T02:24:38.583210,0.869,76,5,186.78,3.2
7,2024-11-28T02:24:43.601703,0.819,79,6,94.88,2.0
2,2024-11-28T02:24:48.653243,0.624,51,2,183.22,4.3
2,2024-11-28T02:24:53.673205,0.675,73,5,118.41,1.9
5,2024-11-28T02:24:58.690063,0.796,68,4,199.29,1.7
7,2024-11-28T02:25:03.708810,0.831,85,6,166.14,3.5
4,2024-11-28T02:25:08.723297,0.932,84,5,132.27,2.8
8,2024-11-28T02:25:13.742002,0.605,64,3,128.48,4.1
7,2024-11-28T02:25:18.757168,0.543,58,3,95.58,3.7
6,2024-11-28T02:25:23.773207,0.569,47,1,187.38,4.0
3,2024-11-28T02:25:28.788610,0.695,57,2,94.17,3.7
9,2024-11-28T02:25:33.803257,0.708,74,4,147.9,3.5
6,2024-11-28T02:25:38.822482,0.96,79,4,86.08,4.1
8,2024-11-28T02:25:43.844639,0.58,63,3,191.06,2.4
4,2024-11-28T02:25:48.869134,0.558,56,4,195.61,3.5
8,2024-11-28T02:25:53.883204,0.856,93,7,152.05,3.8
2,2024-11-28T02:25:58.901334,0.692,79,3,154.5,4.0
10,2024-11-28T02:26:03.918773,0.798,71,5,189.5,2.6
6,2024-11-28T02:26:08.933862,0.84,67,5,122.82,3.8
10,2024-11-28T02:26:13.953201,0.789,75,3,99.85,3.3
7,2024-11-28T02:26:18.966931,0.817,87,3,188.55,3.8
10,2024-11-28T02:26:23.982443,0.812,86,4,135.06,4.2
8,2024-11-28T02:26:29.000104,0.723,72,4,87.34,2.9
3,2024-11-28T02:26:34.013212,0.661,73,2,166.38,1.5
5,2024-11-28T02:26:39.031120,0.841,82,6,197.67,1.8
5,2024-11-28T02:26:44.047456,0.63,67,5,172.24,3.5
8,2024-11-28T02:26:49.063194,0.626,62,3,193.08,2.7
5,2024-11-28T02:26:54.081596,0.581,66,3,157.78,4.2
3,2024-11-28T02:26:59.097499,0.725,59,1,85.18,3.3
4,2024-11-28T02:27:04.113229,0.712,64,5,133.19,2.1
7,2024-11-28T02:27:09.125456,0.828,76,5,127.66,3.4
9,2024-11-28T02:27:14.144292,0.864,96,3,148.23,2.3
8,2024-11-28T02:27:19.157015,0.894,81,4,93.22,1.6
2,2024-11-28T02:27:24.173202,0.646,52,2,82.04,2.1
10,2024-11-28T02:27:29.183196,0.737,80,6,164.62,3.6
7,2024-11-28T02:27:34.197350,0.634,54,1,162.84,4.4
4,2024-11-28T02:27:39.212909,0.845,86,5,187.11,1.8
8,2024-11-28T02:27:44.229692,0.578,48,2,150.09,3.6
4,2024-11-28T02:27:49.243204,0.538,46,2,186.35,2.0
4,2024-11-28T02:27:54.256119,0.63,57,4,124.37,1.9
4,2024-11-28T02:27:59.273213,0.841,70,3,96.84,2.9
4,2024-11-28T02:28:04.290457,0.845,78,2,81.13,3.5
9,2024-11-28T02:28:09.303190,0.607,70,5,95.98,1.8
2,2024-11-28T02:28:14.320784,0.826,97,4,126.28,2.0
1,2024-11-28T02:28:19.338785,0.764,82,4,142.02,2.3
9,2024-11-28T02:28:24.353202,0.856,98,3,185.25,2.3
10,2024-11-28T02:28:29.368637,0.55,58,2,103.18,4.1
5,2024-11-28T02:28:34.383202,0.822,93,5,87.48,2.5
4,2024-11-28T02:28:39.397271,0.487,47,2,198.85,1.7
5,2024-11-28T02:28:44.453203,0.92,109,4,154.54,3.3
6,2024-11-28T02:28:49.473210,0.783,66,3,195.21,1.8
4,2024-11-28T02:28:54.485075,0.797,88,2,110.94,3.4
8,2024-11-28T02:28:59.495983,0.492,44,3,192.28,3.1
3,2024-11-28T02:29:04.513212,0.796,65,2,173.18,4.1
9,2024-11-28T02:30:29.905035,0.491,46,2,162.14,3.8
9,2024-11-28T02:30:34.959184,0.905,89,3,120.76,3.6
2,2024-11-28T02:30:39.980198,0.656,71,5,175.31,3.5
7,2024-11-28T02:30:44.996862,0.51,41,2,81.5,3.2
2,2024-11-28T02:30:50.014735,0.783,62,4,176.28,3.2
5,2024-11-28T02:30:55.029186,0.856,88,6,168.03,2.1
1,2024-11-28T02:31:00.047381,0.635,70,4,143.54,3.0
3,2024-11-28T02:31:05.063939,0.612,62,3,103.93,2.5
3,2024-11-28T02:31:10.077498,0.587,52,2,148.56,2.7
9,2024-11-28T02:31:15.096495,0.505,42,2,139.17,2.3
6,2024-11-28T02:31:20.115157,0.484,43,1,107.65,2.8
7,2024-11-28T02:31:25.128239,0.533,44,1,190.19,3.3
3,2024-11-28T02:31:30.139202,0.58,60,2,102.6,3.8
9,2024-11-28T02:31:35.151616,0.687,80,5,177.11,3.2
9,2024-11-28T02:31:40.167730,0.545,50,1,140.29,4.1
5,2024-11-28T02:31:45.182864,0.619,57,4,112.97,3.5
10,2024-11-28T02:31:50.195761,0.833,78,2,85.75,3.9
5,2024-11-28T02:31:55.209184,0.777,92,4,87.2,2.3
2,2024-11-28T02:32:00.226833,0.553,45,2,98.06,3.0
10,2024-11-28T02:32:05.246864,0.551,63,4,143.92,3.6
4,2024-11-28T02:32:10.259189,0.506,43,2,157.96,2.7
1,2024-11-28T02:32:15.271716,0.703,73,4,109.06,1.6
5,2024-11-28T02:32:20.287973,0.651,67,4,171.43,2.8
1,2024-11-28T02:32:25.303717,0.72,79,4,114.23,2.3
5,2024-11-28T02:32:30.316192,0.782,83,4,101.86,4.2
10,2024-11-28T02:32:35.329224,0.876,74,2,131.2,3.6
2,2024-11-28T02:32:40.344179,0.627,68,2,136.5,2.5
6,2024-11-28T02:32:45.359178,0.539,64,4,131.17,4.2
4,2024-11-28T02:32:50.375471,0.558,58,2,156.17,3.5
4,2024-11-28T02:32:55.389178,0.866,82,3,84.82,2.6
6,2024-11-28T02:33:00.404899,0.725,76,4,186.67,1.8
5,2024-11-28T02:33:05.419201,0.798,70,2,182.19,4.1
5,2024-11-28T02:33:10.437686,0.8,95,6,143.66,3.5
3,2024-11-28T02:33:15.455841,0.719,78,3,100.27,2.7
5,2024-11-28T02:33:20.469183,0.622,67,3,190.58,3.3
4,2024-11-28T02:33:25.484318,0.557,63,3,119.84,3.2
1,2024-11-28T02:33:30.499176,0.566,46,2,137.87,4.4
7,2024-11-28T02:33:35.516653,0.648,69,4,104.57,2.7
6,2024-11-28T02:33:40.529189,0.758,62,2,159.97,4.2
10,2024-11-28T02:33:45.543999,0.685,66,2,130.13,2.6
4,2024-11-28T02:33:50.557249,0.569,50,3,144.01,3.1
4,2024-11-28T02:33:55.569185,0.893,99,6,168.58,2.6
7,2024-11-28T02:34:00.579850,0.748,81,3,120.67,2.3
4,2024-11-28T02:34:05.595956,0.559,55,3,130.1,3.4
1,2024-11-28T02:34:10.609198,0.62,53,2,178.98,1.8
5,2024-11-28T02:34:15.626188,0.787,87,5,158.17,2.6
2,2024-11-28T02:34:20.639188,0.837,95,6,88.4,3.7
7,2024-11-28T02:34:25.655802,0.767,89,5,144.53,2.4
8,2024-11-28T02:34:30.707904,0.929,109,6,188.53,1.5
8,2024-11-28T02:34:35.729132,0.58,59,1,184.49,3.3
1,2024-11-28T02:34:40.746940,0.857,82,2,193.98,2.4
1,2024-11-28T02:34:45.766644,0.564,66,2,182.46,2.4
6,2024-11-28T02:34:50.779183,0.748,82,5,156.5,2.9
1,2024-11-28T02:34:55.789185,0.488,52,2,115.27,3.6
1,2024-11-28T02:35:00.849202,0.785,73,3,128.94,3.2
6,2024-11-28T02:35:05.863674,0.679,55,2,175.55,3.6
7,2024-11-28T02:35:10.875153,0.657,72,4,147.59,3.4
2,2024-11-28T02:35:15.889210,0.903,80,5,189.94,2.0
2,2024-11-28T02:35:20.903561,0.781,91,6,170.64,3.4
1,2024-11-28T02:35:25.919186,0.784,71,3,126.74,2.5
8,2024-11-28T02:35:30.929196,0.616,70,5,183.09,2.4
9,2024-11-28T02:35:35.944828,0.763,77,5,110.52,2.2
2,2024-11-28T02:35:40.959186,0.772,83,4,92.27,2.8
5,2024-11-28T02:35:45.977504,0.722,83,4,91.34,2.3
2,2024-11-28T02:35:50.989194,0.752,60,3,101.14,3.8
6,2024-11-28T02:35:56.006873,0.553,57,3,165.76,3.8
6,2024-11-28T02:36:01.019191,0.804,66,3,169.61,4.1
1,2024-11-28T02:36:06.037615,0.712,72,4,89.41,2.8
9,2024-11-28T02:36:11.052387,0.613,60,2,100.39,2.7
6,2024-11-28T02:36:16.065986,0.57,52,2,101.28,4.3
9,2024-11-28T02:36:21.094657,0.487,40,3,141.94,2.0
3,2024-11-28T02:36:26.109183,0.905,93,3,120.3,3.7
7,2024-11-28T02:36:31.123386,0.541,62,2,80.05,3.5
9,2024-11-28T02:36:36.139189,0.671,63,3,177.59,4.0
9,2024-11-28T02:36:41.158277,0.759,61,2,182.81,2.3
1,2024-11-28T02:36:46.174913,0.532,56,3,128.68,4.4
7,2024-11-28T02:36:51.189194,0.831,71,3,191.73,3.7
10,2024-11-28T02:36:56.206514,0.83,71,2,127.78,3.9
4,2024-11-28T02:37:01.219189,0.787,82,2,180.95,2.7
8,2024-11-28T02:37:06.236407,0.834,86,3,186.07,2.0
4,2024-11-28T02:37:11.249197,0.856,79,5,131.22,4.0
7,2024-11-28T02:37:16.267956,0.512,41,2,113.13,3.7
4,2024-11-28T02:37:21.279196,0.789,82,6,134.39,1.5
10,2024-11-28T02:37:26.289190,0.606,61,3,135.6,4.1
2,2024-11-28T02:37:31.309191,0.586,56,3,103.25,2.3
2,2024-11-28T02:37:36.325025,0.694,78,3,165.75,2.3
7,2024-11-28T02:37:41.339182,0.701,71,5,141.27,3.0
3,2024-11-28T02:37:46.355629,0.893,102,4,181.25,2.4
8,2024-11-28T02:37:51.369186,0.536,52,2,105.93,4.1
4,2024-11-28T02:37:56.379199,0.7,63,3,161.79,2.7
10,2024-11-28T02:38:01.397453,0.628,73,4,130.32,2.1
7,2024-11-28T02:38:06.409191,0.595,58,4,87.79,3.6
4,2024-11-28T02:38:11.423314,0.54,44,2,142.51,2.4
2,2024-11-28T02:38:16.439184,0.848,74,5,81.91,3.7
4,2024-11-28T02:38:21.455843,0.915,98,7,184.51,3.9
3,2024-11-28T02:38:26.509190,0.801,73,4,175.87,2.3
1,2024-11-28T02:38:31.529180,0.548,46,3,154.75,4.2
10,2024-11-28T02:38:36.545951,0.586,68,4,125.52,1.6
6,2024-11-28T02:38:41.559193,0.581,55,2,128.02,4.4
5,2024-11-28T02:38:46.577005,0.816,74,4,136.21,4.1
3,2024-11-28T02:38:51.592362,0.919,84,4,146.42,1.6
7,2024-11-28T02:38:56.608526,0.806,66,2,138.0,3.1
6,2024-11-28T02:39:01.619188,0.952,76,3,94.28,2.2
7,2024-11-28T02:39:06.632427,0.55,44,1,116.15,3.5
5,2024-11-28T02:39:11.645788,0.907,86,6,89.11,2.8
3,2024-11-28T02:39:16.664855,0.76,62,3,115.5,3.3
8,2024-11-28T02:39:21.682626,0.575,63,3,105.07,2.7
10,2024-11-28T02:39:26.699187,0.822,98,4,107.8,1.6
5,2024-11-28T02:39:31.715812,0.727,66,3,115.85,1.7
2,2024-11-28T02:39:36.729185,0.749,67,3,160.07,4.4
1,2024-11-28T02:39:41.746939,0.64,57,2,192.43,2.7
4,2024-11-28T02:39:46.764867,0.77,86,6,176.35,2.3
4,2024-11-28T02:39:51.779195,0.707,68,2,131.54,4.0
7,2024-11-28T02:39:56.792139,0.588,55,3,86.93,2.9
10,2024-11-28T02:40:01.808656,0.514,53,1,80.56,3.1
3,2024-11-28T02:40:06.824358,0.545,49,1,99.79,3.2
7,2024-11-28T02:40:11.841956,0.774,79,6,165.26,4.1
3,2024-11-28T02:40:16.859190,0.857,77,4,174.46,2.2
1,2024-11-28T02:40:21.875101,0.859,98,5,190.64,3.8
10,2024-11-28T02:40:26.896501,0.616,58,3,109.96,2.8
5,2024-11-28T02:40:31.911578,0.687,60,2,131.53,3.5
7,2024-11-28T02:40:36.929216,0.672,76,5,181.2,3.8
2,2024-11-28T02:40:41.946110,0.56,65,4,117.52,4.1
9,2024-11-28T02:40:46.959196,0.495,42,1,169.07,4.2
7,2024-11-28T02:40:51.978371,0.769,88,6,138.33,3.3
9,2024-11-28T02:40:56.995620,0.9,81,5,147.01,2.6
9,2024-11-28T02:41:02.011223,0.633,60,2,127.73,1.5
1,2024-11-28T02:41:07.026499,0.594,65,4,178.13,1.7
6,2024-11-28T02:41:12.042362,0.808,94,3,125.5,2.4
2,2024-11-28T02:41:17.059073,0.791,85,6,194.03,2.5
1,2024-11-28T02:41:22.071780,0.81,95,4,146.8,2.9
3,2024-11-28T02:41:27.086619,0.541,53,2,107.27,3.9
5,2024-11-28T02:41:32.099195,0.723,71,3,106.48,4.4
9,2024-11-28T02:41:37.109191,0.806,72,3,121.18,1.8
10,2024-11-28T02:41:42.126842,0.806,88,5,120.99,2.6
3,2024-11-28T02:41:47.139189,0.701,61,4,152.72,4.3
7,2024-11-28T02:41:52.156800,0.831,70,3,179.19,3.4
4,2024-11-28T02:41:57.169202,0.933,99,5,170.82,4.4
5,2024-11-28T02:42:02.184401,0.596,50,3,152.6,4.0
2,2024-11-28T02:42:07.199210,0.57,54,3,115.29,1.7
3,2024-11-28T02:42:12.215542,0.934,82,2,145.35,2.3
3,2024-11-28T02:42:17.229220,0.621,54,4,155.77,4.2
10,2024-11-28T02:42:22.280359,0.57,56,2,141.86,1.7
2,2024-11-28T02:42:27.299190,0.716,63,3,178.05,3.7
10,2024-11-28T02:42:32.311891,0.634,54,2,92.78,3.9
5,2024-11-28T02:42:37.323302,0.531,62,3,119.17,3.1
7,2024-11-28T02:42:42.339187,0.559,56,3,135.89,3.3
9,2024-11-28T02:42:47.351699,0.923,84,3,198.31,1.6
2,2024-11-28T02:42:52.367541,0.531,50,2,153.89,3.3
7,2024-11-28T02:42:57.379195,0.692,61,2,133.55,3.1
2,2024-11-28T02:43:02.395358,0.935,105,8,183.8,4.0
6,2024-11-28T02:43:07.414397,0.707,72,3,168.14,3.4
2,2024-11-28T02:43:12.430704,0.583,48,3,115.68,3.0
2,2024-11-28T02:43:17.444643,0.495,44,2,115.63,4.3
9,2024-11-28T02:43:22.459176,0.521,53,4,100.42,2.4
7,2024-11-28T02:43:27.476955,0.839,83,2,125.17,3.5
7,2024-11-28T02:43:32.489195,0.713,67,3,101.31,3.0
8,2024-11-28T02:43:37.506656,0.769,87,3,120.11,3.7
2,2024-11-28T02:43:42.524454,0.582,50,1,126.83,3.7
1,2024-11-28T02:43:47.539192,0.657,56,3,188.11,2.3
2,2024-11-28T02:43:52.552451,0.5,42,2,92.32,2.4
1,2024-11-28T02:43:57.569212,0.605,51,3,141.31,3.9
6,2024-11-28T02:44:02.584976,0.814,86,6,135.84,3.5
4,2024-11-28T02:44:07.599196,0.796,79,4,97.37,2.1
10,2024-11-28T02:44:12.615338,0.761,70,3,185.67,1.6
5,2024-11-28T02:44:17.629181,0.715,83,5,164.73,3.7
9,2024-11-28T02:44:22.644623,0.774,87,3,121.72,3.7
8,2024-11-28T02:44:27.659187,0.64,59,4,145.82,1.7
4,2024-11-28T02:44:32.676084,0.824,89,5,188.44,1.6
6,2024-11-28T02:44:37.694531,0.885,80,5,143.15,4.3
9,2024-11-28T02:44:42.712344,0.622,57,1,137.1,4.1
7,2024-11-28T02:44:47.728134,0.659,55,2,182.43,2.5
4,2024-11-28T02:44:52.739187,0.649,58,3,114.04,2.2
8,2024-11-28T02:44:57.753145,0.592,61,4,132.55,1.7
6,2024-11-28T02:45:02.769205,0.72,80,6,105.93,3.0
3,2024-11-28T02:45:07.785381,0.885,86,6,112.25,1.6
2,2024-11-28T02:45:12.799192,0.494,40,2,172.31,2.0
5,2024-11-28T02:45:17.815789,0.796,76,2,108.9,3.3
1,2024-11-28T02:45:22.829189,0.763,68,3,172.73,1.5
1,2024-11-28T02:45:27.853157,0.515,42,2,190.79,1.6
7,2024-11-28T02:45:32.869192,0.702,79,3,177.96,2.2
8,2024-11-28T02:45:37.885822,0.563,54,2,116.72,3.5
2,2024-11-28T02:45:42.904459,0.647,64,4,190.06,1.7
7,2024-11-28T02:45:47.919667,0.849,101,6,143.79,3.9
2,2024-11-28T02:45:52.929934,0.698,77,3,117.52,3.6
1,2024-11-28T02:45:57.940999,0.755,85,5,160.14,2.2
9,2024-11-28T02:46:02.957628,0.515,44,3,131.61,2.9
3,2024-11-28T02:46:07.973338,0.554,58,4,159.82,4.2
7,2024-11-28T02:46:12.999181,0.798,73,4,97.16,2.8
3,2024-11-28T02:46:18.049278,0.903,100,5,115.14,1.9
2,2024-11-28T02:46:23.068621,0.67,66,4,94.17,4.1
6,2024-11-28T02:46:28.081841,0.727,75,3,138.24,3.4
5,2024-11-28T02:46:33.098779,0.578,59,2,88.09,3.3
9,2024-11-28T02:46:38.114280,0.557,56,2,98.33,2.5
5,2024-11-28T02:46:43.129192,0.737,82,3,199.24,2.3
6,2024-11-28T02:46:48.145311,0.683,80,5,147.2,4.2
1,2024-11-28T02:46:53.160669,0.666,63,3,146.15,3.1
10,2024-11-28T02:46:58.185829,0.686,60,3,137.08,3.6
5,2024-11-28T02:47:03.199180,0.516,42,1,113.25,1.9
3,2024-11-28T02:47:08.216249,0.942,87,5,112.56,1.8
3,2024-11-28T02:47:13.229181,0.852,97,6,145.39,4.3
6,2024-11-28T02:47:18.239176,0.544,47,3,143.58,1.7
6,2024-11-28T02:47:23.255557,0.57,46,2,147.02,2.2
8,2024-11-28T02:47:28.269196,0.811,71,4,123.89,4.2
5,2024-11-28T02:47:33.285861,0.493,44,3,128.09,3.5
7,2024-11-28T02:47:38.299189,0.812,74,4,180.99,3.7
8,2024-11-28T02:47:43.319190,0.807,91,5,186.96,2.9
5,2024-11-28T02:47:48.332467,0.872,101,5,174.54,3.7
2,2024-11-28T02:47:53.347011,0.9,80,3,132.8,2.5
3,2024-11-28T02:47:58.360175,0.895,78,5,143.18,1.9
2,2024-11-28T02:48:03.376233,0.577,48,1,131.19,3.3
2,2024-11-28T02:48:08.389190,0.731,59,3,170.9,4.0
4,2024-11-28T02:48:13.400353,0.727,68,2,156.65,3.4
10,2024-11-28T02:48:18.411551,0.799,86,6,192.05,2.4
7,2024-11-28T02:48:23.429146,0.558,57,4,169.25,3.8
1,2024-11-28T02:48:28.439188,0.612,59,2,126.65,1.6
6,2024-11-28T02:48:33.455545,0.54,53,3,144.1,2.9
10,2024-11-28T02:48:38.469192,0.778,80,6,85.83,3.0
6,2024-11-28T02:48:43.484481,0.684,75,5,99.33,2.9
7,2024-11-28T02:48:48.499190,0.587,56,2,93.0,2.4
8,2024-11-28T02:48:53.511679,0.653,59,3,146.26,2.8
5,2024-11-28T02:48:58.527730,0.811,89,6,122.03,2.5
9,2024-11-28T02:49:03.541584,0.827,94,5,114.67,2.3
7,2024-11-28T02:49:08.588203,0.568,64,4,113.92,1.6
2,2024-11-28T02:49:13.605713,0.618,57,3,163.27,2.8
10,2024-11-28T02:49:18.616249,0.531,58,4,139.72,4.3
2,2024-11-28T02:49:23.629181,0.612,52,1,183.66,4.1
7,2024-11-28T02:49:28.639185,0.695,68,3,190.51,4.4
8,2024-11-28T02:49:33.654934,0.598,53,1,98.3,4.1
6,2024-11-28T02:49:38.669185,0.675,66,3,86.73,4.3
9,2024-11-28T02:49:43.684796,0.562,59,3,129.36,2.4
10,2024-11-28T02:49:48.699178,0.629,56,2,164.84,1.6
10,2024-11-28T02:49:53.715238,0.578,54,3,184.08,3.5
2,2024-11-28T02:49:58.728185,0.507,41,2,160.63,2.9
9,2024-11-28T02:50:03.742173,0.857,79,5,153.03,3.3
3,2024-11-28T02:50:08.759186,0.78,82,4,190.77,2.3
5,2024-11-28T02:50:13.809218,0.603,56,1,148.85,3.2
9,2024-11-28T02:50:18.828037,0.546,57,4,86.5,3.7
1,2024-11-28T02:50:23.839187,0.592,63,3,115.6,3.1
7,2024-11-28T02:50:28.858819,0.483,52,2,87.61,1.9
6,2024-11-28T02:50:33.869186,0.813,65,3,137.1,2.3
2,2024-11-28T02:50:38.885027,0.658,57,4,160.41,4.3
5,2024-11-28T02:50:43.899178,0.821,77,5,199.2,2.4
2,2024-11-28T02:50:48.914854,0.789,70,2,181.1,1.9
3,2024-11-28T02:50:53.929176,0.739,73,3,133.13,3.8
10,2024-11-28T02:50:58.944136,0.524,60,4,104.85,2.9
6,2024-11-28T02:51:03.959192,0.53,61,4,191.75,3.3
9,2024-11-28T02:51:08.972067,0.857,73,4,154.23,2.5
2,2024-11-28T02:51:13.988675,0.642,73,4,102.93,2.8
10,2024-11-28T02:51:18.999765,0.798,64,4,147.37,4.0
3,2024-11-28T02:51:24.016490,0.791,74,4,114.14,3.0
7,2024-11-28T02:51:29.045308,0.612,55,4,92.04,2.9
5,2024-11-28T02:51:34.059180,0.547,61,3,116.85,4.2
10,2024-11-28T02:51:39.075462,0.801,90,6,90.12,4.2
3,2024-11-28T02:51:44.089185,0.717,69,4,162.15,1.8
10,2024-11-28T02:51:49.099766,0.583,53,3,107.13,4.1
8,2024-11-28T02:51:54.115838,0.805,78,3,199.3,2.6
5,2024-11-28T02:51:59.130518,0.841,78,2,126.94,3.9
5,2024-11-28T02:52:04.145970,0.483,56,2,116.18,4.4
3,2024-11-28T02:52:09.163158,0.835,86,5,173.76,4.5
6,2024-11-28T02:52:14.175798,0.524,48,3,85.57,4.5
4,2024-11-28T02:52:19.191519,0.822,79,2,166.96,3.3
10,2024-11-28T02:52:24.207967,0.535,50,2,111.98,3.6
7,2024-11-28T02:52:29.225773,0.804,82,5,173.77,2.3
9,2024-11-28T02:52:34.239353,0.899,101,7,182.9,4.0
6,2024-11-28T02:52:39.259186,0.809,80,4,92.9,3.9
2,2024-11-28T02:52:44.276198,0.667,79,5,89.98,3.9
5,2024-11-28T02:52:49.324093,0.487,42,2,179.48,1.9
8,2024-11-28T02:52:54.339191,0.65,55,3,192.73,1.7
3,2024-11-28T02:52:59.355930,0.703,72,2,80.53,2.4
3,2024-11-28T02:53:04.369201,0.622,54,2,190.05,3.0
5,2024-11-28T02:53:09.385890,0.918,99,5,82.91,4.0
7,2024-11-28T02:53:14.399187,0.935,80,4,162.37,3.9
1,2024-11-28T02:53:19.414478,0.587,59,4,122.36,4.4
4,2024-11-28T02:53:24.427668,0.552,65,3,94.53,2.1
10,2024-11-28T02:53:29.444607,0.901,84,2,146.89,4.0
1,2024-11-28T02:53:34.459184,0.735,79,3,173.93,4.1
5,2024-11-28T02:53:39.474686,0.555,59,1,137.46,3.3
4,2024-11-28T02:53:44.489183,0.581,49,2,196.58,4.3
2,2024-11-28T02:53:49.505195,0.729,84,4,94.3,4.5
1,2024-11-28T02:53:54.519175,0.717,83,4,147.0,1.6
2,2024-11-28T02:53:59.537848,0.671,79,3,109.44,3.3
3,2024-11-28T02:54:04.551854,0.8,90,5,145.31,3.2
5,2024-11-28T02:54:09.599911,0.805,86,5,169.54,1.8
8,2024-11-28T02:54:14.619189,0.808,76,5,174.7,3.1
10,2024-11-28T02:54:19.631357,0.832,95,4,118.33,2.1
8,2024-11-28T02:54:24.649184,0.768,67,4,104.49,4.1
8,2024-11-28T02:54:29.666136,0.723,86,3,94.32,4.0
2,2024-11-28T02:54:34.680494,0.839,92,5,151.1,3.1
7,2024-11-28T02:54:39.699182,0.557,50,1,142.45,3.9
3,2024-11-28T02:54:44.712203,0.655,60,2,156.92,4.2
3,2024-11-28T02:54:49.729200,0.599,71,5,181.83,1.8
3,2024-11-28T02:54:54.744569,0.752,90,5,127.0,2.1
3,2024-11-28T02:54:59.759189,0.769,89,6,153.29,4.4
10,2024-11-28T02:55:04.777158,0.797,69,5,161.82,3.4
5,2024-11-28T02:55:09.795831,0.731,80,2,166.81,1.7
3,2024-11-28T02:55:14.809186,0.678,62,4,131.67,3.4
9,2024-11-28T02:55:19.825057,0.663,71,4,164.36,2.0
9,2024-11-28T02:55:24.839675,0.645,65,3,107.5,1.5
8,2024-11-28T02:55:29.859192,0.675,67,3,115.6,2.8
8,2024-11-28T02:55:34.872262,0.88,72,2,141.12,3.2
6,2024-11-28T02:55:39.883839,0.956,88,6,153.37,3.2
4,2024-11-28T02:55:44.899182,0.699,75,2,196.9,4.0
10,2024-11-28T02:55:49.911635,0.599,49,1,120.93,3.6
6,2024-11-28T02:55:54.924495,0.548,60,4,104.71,3.6
6,2024-11-28T02:55:59.939190,0.932,104,6,105.12,3.2
3,2024-11-28T02:56:04.951627,0.775,75,4,187.24,3.8
10,2024-11-28T02:56:09.969193,0.564,62,4,104.44,2.5
9,2024-11-28T02:56:14.987167,0.675,74,5,86.35,1.7
4,2024-11-28T02:56:19.999185,0.939,97,4,114.47,2.1
1,2024-11-28T02:56:25.016552,0.53,46,1,150.04,2.0
8,2024-11-28T02:56:30.034423,0.942,92,3,116.45,3.1
7,2024-11-28T02:56:35.049182,0.752,87,4,187.5,3.8
3,2024-11-28T02:56:40.065631,0.763,87,4,137.15,2.8
8,2024-11-28T02:56:45.079187,0.927,108,7,150.62,4.4
7,2024-11-28T02:56:50.097420,0.545,50,3,170.73,2.6
7,2024-11-28T02:56:55.114814,0.849,77,3,143.26,2.5
9,2024-11-28T02:57:00.129211,0.516,55,1,135.72,1.6
7,2024-11-28T02:57:05.146547,0.641,67,2,179.9,3.8
6,2024-11-28T02:57:10.159193,0.619,66,3,184.62,2.5
1,2024-11-28T02:57:15.176369,0.634,51,3,176.43,2.9
3,2024-11-28T02:57:20.189196,0.84,90,3,170.71,3.9
3,2024-11-28T02:57:25.205111,0.634,51,2,108.07,4.4
3,2024-11-28T02:57:30.219032,0.601,53,2,166.52,1.6
3,2024-11-28T02:57:35.237387,0.716,61,3,105.12,3.5
5,2024-11-28T02:57:40.249184,0.669,60,1,189.76,3.1
9,2024-11-28T02:57:45.268159,0.678,74,3,165.11,3.1
3,2024-11-28T02:57:50.281486,0.724,67,2,188.48,3.2
7,2024-11-28T02:57:55.296615,0.517,44,1,121.91,1.7
2,2024-11-28T02:58:00.309190,0.82,97,3,107.51,3.5
4,2024-11-28T02:58:05.358039,0.796,86,6,145.51,2.1
8,2024-11-28T02:58:10.378943,0.891,106,7,142.54,1.7
5,2024-11-28T02:58:15.396052,0.534,58,4,142.91,4.4
6,2024-11-28T02:58:20.409178,0.553,55,2,81.95,4.2
2,2024-11-28T02:58:25.429049,0.662,68,2,192.6,1.7
3,2024-11-28T02:58:30.443662,0.928,79,4,191.81,3.4
8,2024-11-28T02:58:35.459178,0.586,62,2,122.57,4.3
2,2024-11-28T02:58:40.476379,0.699,60,2,134.36,4.5
2,2024-11-28T02:58:45.496071,0.866,93,5,188.68,4.5
6,2024-11-28T02:58:50.509192,0.665,61,3,81.86,2.1
3,2024-11-28T02:58:55.524494,0.546,55,3,110.44,1.8
4,2024-11-28T02:59:00.539188,0.637,74,5,126.88,1.8
7,2024-11-28T02:59:05.555153,0.576,60,4,183.62,1.9
5,2024-11-28T02:59:10.569189,0.495,43,2,143.59,3.6
7,2024-11-28T02:59:15.586019,0.658,57,3,85.42,3.1
1,2024-11-28T02:59:20.600506,0.646,56,4,174.46,3.2
2,2024-11-28T02:59:25.618642,0.752,75,2,107.06,2.8
4,2024-11-28T02:59:30.630583,0.823,80,5,109.57,4.2
6,2024-11-28T02:59:35.646410,0.88,77,5,198.71,2.2
8,2024-11-28T02:59:40.663583,0.917,105,5,174.53,3.5
6,2024-11-28T02:59:45.679176,0.925,78,3,135.4,1.6
5,2024-11-28T02:59:50.695087,0.833,70,2,191.05,3.3
1,2024-11-28T02:59:55.709193,0.533,61,1,131.23,1.6
9,2024-11-28T03:00:00.727890,0.544,43,1,81.34,2.5
5,2024-11-28T03:00:05.741286,0.654,74,4,90.53,3.1
9,2024-11-28T03:00:10.759652,0.643,53,2,95.9,1.6
8,2024-11-28T03:00:15.775264,0.539,53,2,105.92,3.2
6,2024-11-28T03:00:20.789189,0.807,65,4,121.78,3.0
6,2024-11-28T03:00:25.804529,0.518,54,1,98.63,4.0
4,2024-11-28T03:00:30.829184,0.855,82,4,148.96,2.3
7,2024-11-28T03:00:35.844819,0.832,91,6,118.25,3.9
3,2024-11-28T03:00:40.861175,0.686,67,2,168.43,3.4
2,2024-11-28T03:00:45.879021,0.76,89,5,150.75,4.0
7,2024-11-28T03:00:50.895648,0.793,81,6,175.59,1.9
4,2024-11-28T03:00:55.911974,0.785,81,5,104.5,1.9
1,2024-11-28T03:01:00.929213,0.629,73,2,89.28,2.4
5,2024-11-28T03:01:05.945128,0.565,48,1,94.01,3.0
3,2024-11-28T03:01:11.019184,0.529,59,2,197.94,4.1
5,2024-11-28T03:01:16.152485,0.853,94,3,110.45,4.1
1,2024-11-28T03:01:21.166783,0.752,78,4,197.52,1.7
10,2024-11-28T03:01:26.179182,0.67,79,4,182.28,2.0
3,2024-11-28T03:01:31.195781,0.586,50,2,176.71,3.9
8,2024-11-28T03:01:36.215787,0.515,48,2,83.0,3.4
3,2024-11-28T03:01:41.229185,0.844,83,4,182.0,3.4
9,2024-11-28T03:01:46.248435,0.641,52,3,111.58,3.9
4,2024-11-28T03:01:51.265793,0.557,63,3,117.42,2.8
8,2024-11-28T03:01:56.280473,0.543,58,3,146.39,2.7
4,2024-11-28T03:02:01.326690,0.789,63,4,135.33,3.1
7,2024-11-28T03:02:06.343992,0.719,69,2,121.61,3.3
1,2024-11-28T03:02:11.359185,0.773,76,5,89.26,4.4
9,2024-11-28T03:02:16.375661,0.662,65,4,197.66,3.7
4,2024-11-28T03:02:21.389198,0.618,68,2,134.25,3.0
2,2024-11-28T03:02:26.409186,0.679,58,1,197.58,1.8
5,2024-11-28T03:02:31.420280,0.776,66,3,128.86,1.8
1,2024-11-28T03:02:36.430817,0.695,80,4,96.68,3.6
10,2024-11-28T03:02:41.449191,0.919,104,5,179.67,3.1
10,2024-11-28T03:02:46.467221,0.546,53,3,117.49,2.0
9,2024-11-28T03:02:51.479737,0.88,76,3,146.46,2.8
5,2024-11-28T03:02:56.491824,0.742,88,6,168.53,3.3
3,2024-11-28T03:03:01.507889,0.677,66,4,134.74,3.5
4,2024-11-28T03:03:06.520957,0.658,63,4,110.52,3.5
3,2024-11-28T03:03:11.538291,0.681,76,5,157.75,4.2
7,2024-11-28T03:03:16.575260,0.503,54,2,132.39,1.7
4,2024-11-28T03:03:21.589589,0.611,65,2,142.02,3.1
1,2024-11-28T03:03:26.606938,0.609,71,4,134.97,2.7
2,2024-11-28T03:03:31.619191,0.508,44,3,101.99,3.8
2,2024-11-28T03:03:36.632411,0.882,105,5,177.35,4.1
4,2024-11-28T03:03:41.649223,0.976,116,7,107.38,1.8
6,2024-11-28T03:03:46.666462,0.836,72,3,193.43,3.4
9,2024-11-28T03:03:51.685088,0.589,54,4,91.88,2.4
7,2024-11-28T03:03:56.699193,0.802,81,6,166.66,3.7
9,2024-11-28T03:04:01.710746,0.798,95,5,150.9,2.2
2,2024-11-28T03:04:06.722277,0.929,80,6,124.13,4.5
6,2024-11-28T03:04:11.739064,0.484,43,2,104.37,1.6
3,2024-11-28T03:04:16.765420,0.644,54,2,87.49,4.1
9,2024-11-28T03:04:21.779188,0.892,73,2,115.21,4.2
5,2024-11-28T03:04:26.796004,0.653,61,4,102.16,3.5
9,2024-11-28T03:04:31.809189,0.538,63,3,96.06,4.2
4,2024-11-28T03:04:36.824261,0.893,99,3,124.31,4.2
5,2024-11-28T03:04:41.839188,0.64,55,3,125.27,3.5
5,2024-11-28T03:04:46.851026,0.763,66,5,188.65,1.6
3,2024-11-28T03:04:51.864265,0.708,73,4,129.5,4.4
8,2024-11-28T03:04:56.876032,0.704,61,3,117.01,2.6
1,2024-11-28T03:05:01.889197,0.799,79,2,173.88,3.3
5,2024-11-28T03:05:06.904459,0.515,58,3,99.9,1.7
3,2024-11-28T03:05:11.919183,0.516,51,3,124.14,3.1
5,2024-11-28T03:05:16.935966,0.702,56,3,163.89,2.3
8,2024-11-28T03:05:21.949184,0.737,76,2,142.87,2.8
8,2024-11-28T03:05:26.965383,0.929,110,7,87.53,3.7
5,2024-11-28T03:05:31.979192,0.747,63,4,159.92,2.3
7,2024-11-28T03:05:36.997163,0.771,72,3,81.01,3.8
2,2024-11-28T03:05:42.009193,0.688,61,4,102.5,2.7
1,2024-11-28T03:05:47.024612,0.558,61,4,122.52,2.3
5,2024-11-28T03:05:52.039036,0.536,62,3,158.13,4.3
5,2024-11-28T03:05:57.089284,0.666,56,3,145.28,2.4
9,2024-11-28T03:06:02.109186,0.543,46,3,123.32,2.9
2,2024-11-28T03:06:07.125724,0.746,82,6,136.97,4.4
2,2024-11-28T03:06:12.149013,0.585,52,3,136.53,1.8
3,2024-11-28T03:06:17.166192,0.827,92,5,189.41,2.6
1,2024-11-28T03:06:22.179182,0.878,92,4,169.65,3.1
6,2024-11-28T03:06:27.197422,0.522,62,4,118.38,1.8
8,2024-11-28T03:06:32.209213,0.756,72,4,163.84,3.1
1,2024-11-28T03:06:37.229180,0.794,87,4,84.48,4.5
9,2024-11-28T03:06:42.245162,0.864,74,3,196.82,3.6
2,2024-11-28T03:06:47.259192,0.792,73,3,82.67,4.0
1,2024-11-28T03:06:52.275658,0.512,44,1,152.53,2.3
2,2024-11-28T03:06:57.289186,0.624,53,3,121.64,3.9
5,2024-11-28T03:07:02.305689,0.59,53,3,123.87,4.2
2,2024-11-28T03:07:07.320328,0.856,98,5,183.22,4.0
6,2024-11-28T03:07:12.337483,0.78,83,4,127.29,3.5
7,2024-11-28T03:07:17.349834,0.816,76,2,196.99,1.9
1,2024-11-28T03:07:22.366183,0.656,72,4,158.91,3.8
6,2024-11-28T03:07:27.379199,0.831,89,3,156.39,4.0
10,2024-11-28T03:07:32.392431,0.739,84,3,117.07,4.4
6,2024-11-28T03:07:37.409200,0.681,57,2,150.77,3.4
9,2024-11-28T03:07:42.426587,0.598,65,4,84.45,2.9
4,2024-11-28T03:07:47.439177,0.571,60,3,119.5,3.7
1,2024-11-28T03:07:52.449188,0.629,51,2,120.76,1.8
1,2024-11-28T03:07:57.464303,0.875,104,6,98.59,1.7
2,2024-11-28T03:08:02.479194,0.753,89,3,113.64,3.5
8,2024-11-28T03:08:07.494308,0.625,61,1,195.52,2.6
3,2024-11-28T03:08:12.509228,0.53,52,3,110.72,2.2
7,2024-11-28T03:08:17.521807,0.788,68,3,151.01,3.3
5,2024-11-28T03:08:22.543546,0.835,95,3,128.24,1.7
1,2024-11-28T03:08:27.559185,0.697,76,3,84.46,3.4
2,2024-11-28T03:08:32.574631,0.668,72,4,100.28,3.2
3,2024-11-28T03:08:37.591692,0.804,80,5,140.17,4.2
1,2024-11-28T03:08:42.606402,0.582,67,2,102.51,2.6
8,2024-11-28T03:08:47.619185,0.52,54,4,88.2,1.5
3,2024-11-28T03:08:52.635085,0.481,56,3,156.51,3.6
8,2024-11-28T03:08:57.649228,0.556,47,2,118.66,3.6
6,2024-11-28T03:09:02.667543,0.614,63,2,112.14,4.2
10,2024-11-28T03:09:07.681015,0.619,53,1,97.02,3.8
4,2024-11-28T03:09:12.691845,0.736,60,4,141.43,4.5
8,2024-11-28T03:09:17.704255,0.795,71,4,120.43,4.1
4,2024-11-28T03:09:22.719179,0.525,52,2,199.62,2.5
6,2024-11-28T03:09:27.734798,0.571,51,2,193.54,3.1
6,2024-11-28T03:09:32.749180,0.643,69,2,144.43,2.6
8,2024-11-28T03:09:37.766104,0.719,78,5,147.32,1.9
4,2024-11-28T03:09:42.779193,0.984,86,5,173.4,1.8
9,2024-11-28T03:09:47.791817,0.947,92,4,85.63,2.5
9,2024-11-28T03:09:52.839186,0.563,58,2,107.12,2.3
4,2024-11-28T03:09:57.858335,0.78,78,3,132.81,3.7
10,2024-11-28T03:10:02.874373,0.648,70,3,189.43,2.6
2,2024-11-28T03:10:07.889203,0.814,79,5,120.39,4.2
3,2024-11-28T03:10:12.903807,0.722,75,4,153.18,3.3
4,2024-11-28T03:10:17.919223,0.697,76,3,199.21,4.3
8,2024-11-28T03:10:22.935779,0.677,73,3,148.01,3.0
7,2024-11-28T03:10:27.956689,0.788,78,5,131.62,4.5
6,2024-11-28T03:10:32.969180,0.763,78,5,162.81,3.4
6,2024-11-28T03:10:37.982347,0.711,72,5,100.98,1.9
2,2024-11-28T03:10:42.999796,0.911,85,4,82.5,2.7
8,2024-11-28T03:10:48.015552,0.895,99,5,160.47,3.3
6,2024-11-28T03:10:53.029188,0.68,61,3,117.67,1.6
10,2024-11-28T03:10:58.045375,0.499,59,3,115.13,3.1
7,2024-11-28T03:11:03.059191,0.519,56,2,175.15,4.2
4,2024-11-28T03:11:08.072169,0.725,84,3,129.41,3.8
1,2024-11-28T03:11:13.089208,0.583,63,2,84.62,4.1
5,2024-11-28T03:11:18.103585,0.641,67,4,146.89,3.6
5,2024-11-28T03:11:23.119188,0.868,96,6,125.37,2.8
6,2024-11-28T03:11:28.135872,0.505,52,2,191.34,1.6
1,2024-11-28T03:11:33.149204,0.5,57,1,88.17,2.2
10,2024-11-28T03:11:38.166890,0.859,75,4,167.74,2.0
6,2024-11-28T03:11:43.184730,0.746,73,2,196.13,1.8
4,2024-11-28T03:11:48.199199,0.534,49,2,187.04,3.4
8,2024-11-28T03:11:53.215553,0.82,81,2,111.73,2.2
4,2024-11-28T03:11:58.304405,0.756,89,3,94.51,2.8
5,2024-11-28T03:12:03.319976,0.696,59,2,85.78,3.0
5,2024-11-28T03:12:08.329182,0.567,49,1,183.48,3.5
6,2024-11-28T03:12:13.345001,0.679,75,5,81.39,3.8
3,2024-11-28T03:12:18.359192,0.503,40,1,95.49,3.5
2,2024-11-28T03:12:23.375372,0.973,111,6,185.33,2.4
10,2024-11-28T03:12:28.389196,0.636,70,4,170.67,1.8
2,2024-11-28T03:12:33.404728,0.77,71,4,113.1,3.4
9,2024-11-28T03:12:38.426314,0.516,52,1,91.44,1.7
10,2024-11-28T03:12:43.439189,0.508,40,2,136.64,3.8
6,2024-11-28T03:12:48.455752,0.626,72,3,198.07,3.3
4,2024-11-28T03:12:53.474100,0.774,75,5,131.34,4.1
2,2024-11-28T03:12:58.490056,0.848,90,5,131.59,1.8
7,2024-11-28T03:13:03.511361,0.638,75,2,143.98,2.5
2,2024-11-28T03:13:08.524426,0.583,63,4,127.75,2.7
2,2024-11-28T03:13:13.544519,0.816,72,2,171.27,1.8
6,2024-11-28T03:13:18.559187,0.841,81,3,160.84,2.0
5,2024-11-28T03:13:23.575976,0.713,66,4,169.43,3.9
6,2024-11-28T03:13:28.589185,0.835,85,5,172.21,2.7
8,2024-11-28T03:13:33.607000,0.849,94,6,89.29,4.2
1,2024-11-28T03:13:38.625161,0.709,64,2,111.93,4.2
1,2024-11-28T03:13:43.639183,0.573,46,3,135.94,2.4
10,2024-11-28T03:13:48.688230,0.611,65,2,161.76,2.1
1,2024-11-28T03:13:53.708399,0.603,63,3,100.63,3.2
8,2024-11-28T03:13:58.727231,0.691,75,4,149.0,2.7
1,2024-11-28T03:14:03.739184,0.681,60,3,110.86,2.8
5,2024-11-28T03:14:08.754970,0.681,64,3,153.85,3.6
1,2024-11-28T03:14:13.769186,0.823,95,6,112.87,2.6
3,2024-11-28T03:14:18.779190,0.487,41,3,199.19,3.6
3,2024-11-28T03:14:23.795857,0.79,94,4,143.9,2.9
3,2024-11-28T03:14:28.815114,0.828,89,6,104.87,4.4
1,2024-11-28T03:14:33.829195,0.623,55,1,195.51,2.9
4,2024-11-28T03:14:38.846877,0.775,92,3,197.03,4.0
2,2024-11-28T03:14:43.859185,0.675,61,3,123.56,2.0
6,2024-11-28T03:14:48.872107,0.857,88,5,97.51,3.6
7,2024-11-28T03:14:53.885812,0.644,62,3,163.11,2.3
8,2024-11-28T03:14:58.899175,0.803,76,4,177.89,2.3
8,2024-11-28T03:15:03.914075,0.901,89,5,177.55,1.7
6,2024-11-28T03:15:08.929201,0.711,80,3,160.92,3.6
8,2024-11-28T03:15:13.945594,0.57,56,3,138.65,2.2
9,2024-11-28T03:15:18.955756,0.594,51,3,192.11,4.4
10,2024-11-28T03:15:23.969213,0.712,74,3,133.71,1.8
4,2024-11-28T03:15:28.989198,0.928,108,7,172.4,1.6
3,2024-11-28T03:15:34.004754,0.566,60,3,171.29,1.7
6,2024-11-28T03:15:39.019193,0.818,73,3,185.2,3.1
5,2024-11-28T03:15:44.029192,0.55,65,1,190.54,3.4
3,2024-11-28T03:15:49.039182,0.645,58,3,196.47,4.2
4,2024-11-28T03:15:54.055624,0.928,104,6,161.4,2.3
3,2024-11-28T03:15:59.076438,0.688,72,4,99.85,4.3
5,2024-11-28T03:16:04.104112,0.761,77,5,131.45,4.2
6,2024-11-28T03:16:09.120901,0.533,54,3,196.26,3.2
10,2024-11-28T03:16:14.136366,0.723,60,4,91.74,2.3
5,2024-11-28T03:16:19.149207,0.876,97,4,173.25,3.9
5,2024-11-28T03:16:24.164176,0.866,74,3,117.26,4.0
4,2024-11-28T03:16:29.179185,0.589,49,3,168.47,1.6
7,2024-11-28T03:16:34.196308,0.65,57,2,188.45,4.1
4,2024-11-28T03:16:39.209175,0.539,43,1,174.09,3.5
7,2024-11-28T03:16:44.224426,0.698,60,2,82.1,3.3
6,2024-11-28T03:16:49.239184,0.832,77,3,152.79,3.3
8,2024-11-28T03:16:54.256468,0.486,55,3,173.8,2.1
6,2024-11-28T03:16:59.271765,0.803,75,5,133.52,3.3
10,2024-11-28T03:17:04.288693,0.786,74,4,182.48,2.1
4,2024-11-28T03:17:09.304136,0.731,71,5,175.42,3.3
1,2024-11-28T03:17:14.319194,0.832,89,3,90.38,2.7
10,2024-11-28T03:17:19.335498,0.76,73,2,145.6,3.3
10,2024-11-28T03:17:24.349195,0.51,41,2,172.15,1.6
3,2024-11-28T03:17:29.362662,0.738,71,3,123.93,4.0
2,2024-11-28T03:17:34.376440,0.858,95,5,141.78,4.1
6,2024-11-28T03:17:39.389195,0.772,91,6,117.24,2.0
5,2024-11-28T03:17:44.438049,0.695,76,3,102.42,2.4
5,2024-11-28T03:17:49.457671,0.753,61,3,185.95,4.2
3,2024-11-28T03:17:54.475489,0.48,39,3,91.78,3.0
6,2024-11-28T03:17:59.489206,0.605,58,2,141.21,1.6
3,2024-11-28T03:18:04.504487,0.667,63,4,140.48,3.1
9,2024-11-28T03:18:09.521758,0.534,50,1,147.55,3.4
9,2024-11-28T03:18:14.536212,0.644,65,4,182.39,1.5
2,2024-11-28T03:18:19.549189,0.656,60,1,154.77,2.8
4,2024-11-28T03:18:24.565067,0.895,79,5,198.89,1.6
6,2024-11-28T03:18:29.581250,0.556,62,2,144.19,2.7
2,2024-11-28T03:18:34.591429,0.488,41,2,119.49,3.0
4,2024-11-28T03:18:39.607052,0.552,50,3,185.54,3.2
7,2024-11-28T03:18:44.619182,0.682,64,4,117.72,1.7
2,2024-11-28T03:18:49.634881,0.823,82,2,158.11,2.6
7,2024-11-28T03:18:54.649182,0.728,77,2,185.64,2.7
2,2024-11-28T03:18:59.665285,0.745,65,4,198.8,3.5
8,2024-11-28T03:19:04.679186,0.646,75,3,183.86,1.9
6,2024-11-28T03:19:09.690625,0.578,50,2,82.16,3.1
7,2024-11-28T03:19:14.701273,0.487,43,3,180.3,1.8
4,2024-11-28T03:19:19.712102,0.798,89,5,110.96,1.7
10,2024-11-28T03:19:24.722946,0.496,39,2,153.67,1.5
2,2024-11-28T03:19:29.736407,0.54,61,2,184.92,2.7
10,2024-11-28T03:19:34.750621,0.728,77,2,182.93,4.2
10,2024-11-28T03:19:39.767578,0.682,66,2,184.75,2.4
1,2024-11-28T03:19:44.785566,0.553,51,3,93.25,3.4
9,2024-11-28T03:19:49.799212,0.783,91,4,140.41,4.3
1,2024-11-28T03:19:54.815909,0.66,70,5,112.45,4.1
7,2024-11-28T03:19:59.829196,0.683,60,3,194.46,4.1
5,2024-11-28T03:20:04.839731,0.857,101,7,99.91,2.8
9,2024-11-28T03:20:09.857351,0.51,40,1,82.31,3.5
10,2024-11-28T03:20:14.876668,0.831,74,3,125.44,2.6
1,2024-11-28T03:20:19.889239,0.737,87,2,117.46,1.5
2,2024-11-28T03:20:24.906177,0.668,58,4,153.97,3.2
3,2024-11-28T03:20:29.929186,0.648,72,3,199.01,4.0
3,2024-11-28T03:20:34.945157,0.626,60,1,144.47,3.9
2,2024-11-28T03:20:39.959193,0.746,81,3,135.72,3.8
8,2024-11-28T03:20:44.976206,0.875,85,3,162.37,1.5
6,2024-11-28T03:20:49.989189,0.656,70,4,97.94,2.4
4,2024-11-28T03:20:54.999187,0.875,77,5,161.81,2.8
3,2024-11-28T03:21:00.009187,0.575,51,3,170.0,3.6
1,2024-11-28T03:21:05.019187,0.862,82,6,130.1,3.3
3,2024-11-28T03:21:10.036496,0.602,69,4,109.27,3.9
4,2024-11-28T03:21:15.089259,0.845,70,2,164.05,1.6
9,2024-11-28T03:21:20.099198,0.731,84,2,121.96,1.8
1,2024-11-28T03:21:25.117458,0.593,56,3,163.53,2.6
5,2024-11-28T03:21:30.134387,0.572,65,3,123.85,1.9
5,2024-11-28T03:21:35.147788,0.914,82,5,83.85,2.2
9,2024-11-28T03:21:40.191836,0.823,68,2,117.44,2.6
2,2024-11-28T03:21:45.209181,0.488,54,3,111.75,2.8
4,2024-11-28T03:21:50.225262,0.869,94,5,82.6,4.3
5,2024-11-28T03:21:55.239199,0.573,57,2,91.23,4.4
5,2024-11-28T03:22:00.254600,0.538,44,2,94.43,1.8
3,2024-11-28T03:22:05.269198,0.711,68,4,156.96,2.5
1,2024-11-28T03:22:10.285691,0.785,92,6,199.2,2.0
4,2024-11-28T03:22:15.299184,0.579,47,2,102.19,4.5
2,2024-11-28T03:22:20.312282,0.587,52,2,110.87,3.2
4,2024-11-28T03:22:25.326807,0.936,104,6,98.16,3.3
2,2024-11-28T03:22:30.347762,0.739,73,4,105.95,1.5
7,2024-11-28T03:22:35.359179,0.475,47,1,178.61,1.7
1,2024-11-28T03:22:40.375741,0.553,57,1,137.06,3.7
3,2024-11-28T03:22:45.389189,0.73,84,3,130.18,3.4
6,2024-11-28T03:22:50.406016,0.74,63,3,120.01,2.9
10,2024-11-28T03:22:55.419193,0.886,98,6,123.57,2.6
5,2024-11-28T03:23:00.436193,0.605,60,2,175.54,2.4
4,2024-11-28T03:23:05.449181,0.627,63,2,103.42,1.8
7,2024-11-28T03:23:10.466582,0.714,70,4,191.23,3.1
5,2024-11-28T03:23:15.479200,0.553,48,2,192.89,3.3
2,2024-11-28T03:23:20.489192,0.499,56,4,106.7,3.0
7,2024-11-28T03:23:25.505076,0.893,91,4,93.82,1.9
10,2024-11-28T03:23:30.519798,0.662,55,3,96.07,3.9
9,2024-11-28T03:23:35.532152,0.721,83,6,112.79,3.0
3,2024-11-28T03:23:40.547861,0.627,50,1,139.44,3.1
6,2024-11-28T03:23:45.559826,0.657,53,4,109.82,2.8
9,2024-11-28T03:23:50.577922,0.783,80,3,192.89,2.2
7,2024-11-28T03:23:55.591796,0.824,87,6,127.04,2.0
4,2024-11-28T03:24:00.609207,0.706,66,5,153.18,4.1
6,2024-11-28T03:24:05.619191,0.645,55,3,154.76,2.0
3,2024-11-28T03:24:10.634916,0.572,50,2,198.85,2.6
1,2024-11-28T03:24:15.649200,0.974,111,4,101.01,2.5
1,2024-11-28T03:24:20.666616,0.816,91,4,185.99,3.9
10,2024-11-28T03:24:25.684541,0.73,85,5,187.76,1.9
2,2024-11-28T03:24:30.699683,0.613,54,2,112.9,1.6
10,2024-11-28T03:24:35.712956,0.704,60,3,174.5,3.7
8,2024-11-28T03:24:40.722965,0.876,96,7,98.56,3.5
10,2024-11-28T03:24:45.738847,0.866,69,5,143.79,3.0
10,2024-11-28T03:24:50.754644,0.721,79,3,89.32,2.3
5,2024-11-28T03:24:55.769844,0.664,63,2,175.16,2.0
2,2024-11-28T03:25:00.785958,0.636,62,4,158.4,4.3
6,2024-11-28T03:25:05.799191,0.72,59,4,115.28,2.1
2,2024-11-28T03:25:10.816607,0.792,91,4,108.47,1.9
3,2024-11-28T03:25:15.829188,0.558,50,2,146.55,3.2
3,2024-11-28T03:25:20.839195,0.814,65,2,177.85,2.4
7,2024-11-28T03:25:25.854720,0.772,64,3,84.11,3.2
9,2024-11-28T03:25:30.872311,0.51,46,1,170.27,3.2
4,2024-11-28T03:25:35.920909,0.556,62,4,80.43,4.1
10,2024-11-28T03:25:40.941992,0.72,68,2,125.82,4.3
1,2024-11-28T03:25:45.960170,0.914,74,3,134.77,1.8
3,2024-11-28T03:25:50.975534,0.543,49,2,122.96,1.9
5,2024-11-28T03:25:55.991972,0.75,72,5,163.33,3.8
2,2024-11-28T03:26:01.005760,0.785,87,6,112.92,2.7
7,2024-11-28T03:26:06.019191,0.526,57,3,178.97,1.7
9,2024-11-28T03:26:11.034685,0.611,50,1,189.69,3.7
10,2024-11-28T03:26:16.049283,0.719,64,4,145.76,4.1
4,2024-11-28T03:26:21.063753,0.923,79,3,97.38,2.8
6,2024-11-28T03:26:26.079181,0.536,48,2,152.64,2.8
8,2024-11-28T03:26:31.096049,0.85,80,4,181.67,2.4
1,2024-11-28T03:26:36.109185,0.52,53,3,129.32,3.0
2,2024-11-28T03:26:41.125890,0.703,66,3,152.13,3.4
6,2024-11-28T03:26:46.139192,0.549,55,2,91.06,3.7
5,2024-11-28T03:26:51.156694,0.556,62,4,160.06,2.4
10,2024-11-28T03:26:56.169184,0.704,74,2,106.56,1.6
6,2024-11-28T03:27:01.187305,0.644,60,3,140.1,1.6
10,2024-11-28T03:27:06.199189,0.624,73,4,132.84,2.5
9,2024-11-28T03:27:11.214508,0.7,70,5,116.04,2.3
2,2024-11-28T03:27:16.229185,0.78,77,4,173.96,3.6
7,2024-11-28T03:27:21.244860,0.863,94,6,113.95,1.8
7,2024-11-28T03:27:26.260049,0.637,76,5,187.54,1.6
4,2024-11-28T03:27:31.271214,0.807,91,7,98.67,3.9
7,2024-11-28T03:27:36.287560,0.608,54,2,143.58,3.1
9,2024-11-28T03:27:41.299183,0.938,102,7,152.4,1.8
10,2024-11-28T03:27:46.312519,0.493,50,1,123.27,3.2
3,2024-11-28T03:27:51.327782,0.727,64,3,94.85,3.9
7,2024-11-28T03:27:56.339178,0.816,84,2,106.52,4.2
2,2024-11-28T03:28:01.351555,0.76,64,4,85.75,2.7
1,2024-11-28T03:28:06.369738,0.598,61,2,147.68,2.8
8,2024-11-28T03:28:11.383929,0.716,68,5,142.48,2.8
10,2024-11-28T03:28:16.399953,0.905,76,4,196.12,2.3
9,2024-11-28T03:28:21.415275,0.63,74,5,160.61,2.5
9,2024-11-28T03:28:26.429197,0.723,76,3,126.73,3.2
3,2024-11-28T03:28:31.445332,0.866,96,5,83.96,4.2
5,2024-11-28T03:28:36.459247,0.717,67,2,125.72,3.0
2,2024-11-28T03:28:41.478935,0.781,67,2,162.54,2.7
2,2024-11-28T03:28:46.495899,0.628,63,3,199.06,1.7
10,2024-11-28T03:28:51.509184,0.867,72,3,118.63,1.7
6,2024-11-28T03:28:56.524821,0.656,68,3,189.44,3.1
8,2024-11-28T03:29:01.539189,0.512,47,3,193.47,1.9
7,2024-11-28T03:29:06.549190,0.826,95,4,100.61,2.2
5,2024-11-28T03:29:11.565936,0.7,82,3,161.27,3.1
8,2024-11-28T03:29:16.579188,0.784,75,4,198.88,3.2
10,2024-11-28T03:29:21.598013,0.929,110,8,176.41,3.1
6,2024-11-28T03:29:26.609211,0.596,63,3,92.7,1.6
4,2024-11-28T03:29:31.659186,0.817,74,2,199.95,2.6
1,2024-11-28T03:29:36.677712,0.674,69,2,175.89,2.4
10,2024-11-28T03:29:41.690937,0.716,78,3,173.03,1.5
3,2024-11-28T03:29:46.708274,0.596,54,3,195.98,1.8
10,2024-11-28T03:29:51.720337,0.729,62,1,86.1,4.3
4,2024-11-28T03:29:56.734500,0.732,74,4,95.76,3.2
3,2024-11-28T03:30:01.749185,0.773,88,3,94.34,3.8
1,2024-11-28T03:30:06.763768,0.726,61,2,85.87,2.9
6,2024-11-28T03:30:59.981910,0.513,51,3,82.34,4.1
1,2024-11-28T03:31:05.029109,0.739,77,4,99.84,4.0
10,2024-11-28T03:31:10.047881,0.782,64,4,148.77,2.0
10,2024-11-28T03:31:15.063912,0.484,45,2,147.94,3.0
7,2024-11-28T03:31:20.083265,0.774,77,5,196.28,4.0
7,2024-11-28T03:31:25.102353,0.721,76,5,192.85,2.1
3,2024-11-28T03:31:30.116942,0.902,79,2,132.26,2.6
8,2024-11-28T03:31:35.133961,0.614,60,3,102.6,3.0
6,2024-11-28T03:31:40.149740,0.633,71,2,144.12,3.9
8,2024-11-28T03:31:45.163897,0.566,49,2,187.23,2.8
4,2024-11-28T03:31:50.173922,0.488,54,2,91.09,3.7
4,2024-11-28T03:31:55.190900,0.823,84,6,93.2,4.0
1,2024-11-28T03:32:00.203896,0.842,92,5,140.34,2.1
9,2024-11-28T03:32:05.221914,0.523,60,3,165.97,2.3
9,2024-11-28T03:32:10.239346,0.77,91,6,158.41,4.2
2,2024-11-28T03:32:15.254202,0.515,47,3,115.21,2.0
1,2024-11-28T03:32:20.271633,0.61,68,3,193.39,4.1
8,2024-11-28T03:32:25.286524,0.614,56,2,106.06,2.7
2,2024-11-28T03:32:30.301697,0.727,79,3,192.76,2.1
3,2024-11-28T03:32:35.320382,0.676,55,3,122.72,2.7
4,2024-11-28T03:32:40.333909,0.53,48,2,189.99,2.8
2,2024-11-28T03:32:45.344052,0.845,95,3,107.18,2.5
8,2024-11-28T03:32:50.353924,0.502,50,2,124.32,4.4
4,2024-11-28T03:32:55.367359,0.549,59,3,146.01,1.9
1,2024-11-28T03:33:00.382761,0.903,94,6,158.98,2.0
7,2024-11-28T03:33:05.398133,0.7,63,2,136.54,4.0
6,2024-11-28T03:33:10.413923,0.537,45,2,104.82,4.3
1,2024-11-28T03:33:15.430069,0.869,103,5,199.29,3.6
2,2024-11-28T03:33:20.443909,0.55,55,3,141.23,2.0
3,2024-11-28T03:33:25.459171,0.637,62,4,145.29,1.6
7,2024-11-28T03:33:30.473920,0.55,58,3,126.98,2.7
4,2024-11-28T03:33:35.492164,0.608,55,3,156.21,2.1
10,2024-11-28T03:33:40.510964,0.594,47,3,196.32,3.0
9,2024-11-28T03:33:45.523906,0.552,55,2,167.01,3.8
8,2024-11-28T03:33:50.541918,0.739,63,3,126.13,2.0
5,2024-11-28T03:33:55.558674,0.585,68,5,93.95,2.0
4,2024-11-28T03:34:00.573929,0.56,45,2,182.88,1.5
8,2024-11-28T03:34:05.589877,0.545,57,4,178.66,3.3
3,2024-11-28T03:34:10.603907,0.516,52,2,160.52,3.0
8,2024-11-28T03:34:15.621286,0.768,64,3,198.11,2.6
6,2024-11-28T03:34:20.633917,0.783,75,3,147.76,3.5
3,2024-11-28T03:34:25.650640,0.647,66,2,165.75,3.9
4,2024-11-28T03:34:30.668124,0.542,50,1,97.66,4.5
1,2024-11-28T03:34:35.680559,0.883,76,4,104.56,3.7
10,2024-11-28T03:34:40.693915,0.526,62,4,154.16,1.6
3,2024-11-28T03:34:45.707626,0.598,58,2,164.87,4.1
9,2024-11-28T03:34:50.725279,0.566,48,2,173.81,3.5
9,2024-11-28T03:34:55.742576,0.682,71,4,169.33,3.3
4,2024-11-28T03:35:00.793913,0.664,74,2,96.99,3.7
5,2024-11-28T03:35:05.863904,0.583,57,3,138.35,2.9
3,2024-11-28T03:35:10.883914,0.943,76,2,89.09,3.1
7,2024-11-28T03:35:15.900319,0.81,73,2,185.63,2.3
5,2024-11-28T03:35:20.913921,0.673,60,4,198.17,4.0
3,2024-11-28T03:35:25.933920,0.748,65,2,185.43,1.7
8,2024-11-28T03:35:30.949664,0.571,62,1,107.05,2.5
7,2024-11-28T03:35:35.963905,0.527,52,2,100.89,4.0
4,2024-11-28T03:35:40.982203,0.549,65,4,116.98,2.7
9,2024-11-28T03:35:46.000036,0.739,63,3,179.32,2.6
5,2024-11-28T03:35:51.014335,0.712,79,5,157.81,2.2
10,2024-11-28T03:35:56.031777,0.771,92,5,134.68,2.8
6,2024-11-28T03:36:01.050296,0.58,65,3,164.66,4.1
3,2024-11-28T03:36:06.070367,0.595,71,4,138.62,3.6
4,2024-11-28T03:36:11.083908,0.704,76,3,175.44,2.5
5,2024-11-28T03:36:16.093906,0.733,71,3,165.89,1.8
6,2024-11-28T03:36:21.110101,0.83,69,2,145.55,1.7
5,2024-11-28T03:36:26.123907,0.65,53,2,99.31,2.5
9,2024-11-28T03:36:31.153955,0.957,81,5,175.15,1.6
1,2024-11-28T03:36:36.171582,0.715,82,6,195.99,1.6
4,2024-11-28T03:36:41.183904,0.81,82,3,121.28,2.4
9,2024-11-28T03:36:46.203893,0.701,57,4,99.19,2.8
8,2024-11-28T03:36:51.216316,0.809,72,4,161.98,3.7
9,2024-11-28T03:36:56.233917,0.749,82,4,95.36,4.0
5,2024-11-28T03:37:01.250083,0.651,58,4,110.74,1.7
4,2024-11-28T03:37:06.263937,0.864,69,4,97.85,3.5
10,2024-11-28T03:37:11.282554,0.603,71,2,131.04,2.5
5,2024-11-28T03:37:16.295171,0.778,76,2,195.12,4.1
2,2024-11-28T03:37:21.313917,0.594,51,2,91.41,4.3
7,2024-11-28T03:37:26.326311,0.516,53,2,190.73,2.4
3,2024-11-28T03:37:31.342408,0.723,78,5,129.06,2.2
8,2024-11-28T03:37:36.358261,0.79,85,3,138.47,3.0
7,2024-11-28T03:37:41.373900,0.504,53,2,144.59,3.8
5,2024-11-28T03:37:46.389899,0.861,99,5,80.31,3.1
7,2024-11-28T03:37:51.403898,0.695,64,2,149.65,3.2
2,2024-11-28T03:37:56.420102,0.807,73,3,157.44,2.0
8,2024-11-28T03:38:01.433923,0.633,61,2,150.19,4.2
6,2024-11-28T03:38:06.454257,0.909,92,7,106.18,1.9
7,2024-11-28T03:38:11.470168,0.93,109,7,175.09,4.1
4,2024-11-28T03:38:16.486401,0.712,65,5,171.33,2.4
10,2024-11-28T03:38:21.502962,0.945,94,6,148.66,3.8
9,2024-11-28T03:38:26.518115,0.849,70,4,110.16,3.4
9,2024-11-28T03:38:31.533917,0.559,65,3,80.35,4.1
10,2024-11-28T03:38:36.551102,0.652,74,2,170.25,2.5
5,2024-11-28T03:38:41.563909,0.915,100,5,102.43,2.8
8,2024-11-28T03:38:46.580609,0.826,84,3,131.38,2.1
6,2024-11-28T03:38:51.594617,0.868,92,4,184.87,3.8
1,2024-11-28T03:38:56.645755,0.484,49,2,90.71,3.3
3,2024-11-28T03:39:01.663920,0.702,75,2,175.35,4.3
3,2024-11-28T03:39:06.682778,0.692,77,2,161.3,3.8
7,2024-11-28T03:39:11.700547,0.671,70,2,184.42,1.7
1,2024-11-28T03:39:16.719668,0.535,53,1,180.42,3.7
8,2024-11-28T03:39:21.734793,0.868,87,5,89.28,4.4
9,2024-11-28T03:39:26.753928,0.542,49,2,127.35,2.8
8,2024-11-28T03:39:31.772402,0.816,94,6,143.27,4.0
6,2024-11-28T03:39:36.783908,0.657,72,2,82.47,3.1
10,2024-11-28T03:39:41.798016,0.495,41,2,117.63,4.4
3,2024-11-28T03:39:46.809851,0.837,77,4,106.84,4.1
9,2024-11-28T03:39:51.823923,0.52,55,4,175.81,2.1
10,2024-11-28T03:39:56.842710,0.521,54,1,163.01,3.2
6,2024-11-28T03:40:01.860187,0.569,57,4,149.94,2.9
10,2024-11-28T03:40:06.873923,0.722,84,3,82.34,3.7
8,2024-11-28T03:40:11.892299,0.92,75,2,170.41,3.6
9,2024-11-28T03:40:16.908935,0.636,72,5,164.17,3.1
9,2024-11-28T03:40:21.926350,0.696,68,4,177.22,1.6
10,2024-11-28T03:40:26.940597,0.785,83,6,124.69,3.9
7,2024-11-28T03:40:31.958602,0.907,95,3,182.87,1.7
6,2024-11-28T03:40:36.982187,0.548,47,2,90.27,4.4
7,2024-11-28T03:40:42.003235,0.881,79,5,122.35,1.7
2,2024-11-28T03:40:47.021450,0.609,50,1,139.92,1.7
6,2024-11-28T03:40:52.037813,0.62,54,3,91.24,2.5
1,2024-11-28T03:40:57.053903,0.653,76,3,112.0,1.6
8,2024-11-28T03:41:02.070160,0.645,73,3,178.73,4.0
6,2024-11-28T03:41:07.083897,0.899,88,4,150.29,2.9
1,2024-11-28T03:41:12.102771,0.791,66,2,100.73,2.9
2,2024-11-28T03:41:17.118702,0.741,64,4,119.07,4.5
5,2024-11-28T03:41:22.136130,0.583,56,1,130.72,2.3
3,2024-11-28T03:41:27.147454,0.747,62,4,196.72,3.8
1,2024-11-28T03:41:32.163902,0.695,65,1,136.56,4.2
7,2024-11-28T03:41:37.182055,0.735,60,2,153.04,2.2
3,2024-11-28T03:41:42.197992,0.558,59,4,102.82,4.2
4,2024-11-28T03:41:47.213912,0.63,65,4,108.76,3.6
10,2024-11-28T03:41:52.231335,0.601,68,3,88.09,2.4
10,2024-11-28T03:41:57.243902,0.695,80,5,159.01,2.8
10,2024-11-28T03:42:02.259661,0.608,68,5,149.39,2.3
6,2024-11-28T03:42:07.276287,0.693,56,2,132.18,3.8
7,2024-11-28T03:42:12.292978,0.569,51,3,165.92,3.3
10,2024-11-28T03:42:17.311064,0.692,77,2,92.55,3.4
9,2024-11-28T03:42:22.323928,0.83,75,5,176.72,2.2
6,2024-11-28T03:42:27.340288,0.937,107,5,163.15,3.4
8,2024-11-28T03:42:32.358161,0.545,49,1,122.68,3.4
5,2024-11-28T03:42:37.392003,0.569,57,1,117.01,2.0
5,2024-11-28T03:42:42.410908,0.8,79,5,136.6,3.7
4,2024-11-28T03:42:47.429058,0.641,76,4,112.03,3.4
3,2024-11-28T03:42:52.484824,0.64,61,2,101.59,2.7
4,2024-11-28T03:42:57.503905,0.628,61,1,162.5,3.8
10,2024-11-28T03:43:02.520777,0.528,53,2,99.33,2.3
9,2024-11-28T03:43:07.533889,0.814,80,2,166.49,3.4
1,2024-11-28T03:43:12.551356,0.809,86,4,159.72,1.8
4,2024-11-28T03:43:17.563891,0.795,65,4,116.16,2.8
6,2024-11-28T03:43:22.573910,0.631,63,3,135.53,2.6
9,2024-11-28T03:43:27.587812,0.51,40,1,197.27,2.5
7,2024-11-28T03:43:32.599927,0.797,68,4,183.06,3.1
2,2024-11-28T03:43:37.613900,0.67,77,3,146.95,2.0
4,2024-11-28T03:43:42.623889,0.486,48,3,178.16,3.1
3,2024-11-28T03:43:47.639776,0.634,63,3,138.78,2.1
1,2024-11-28T03:43:52.653887,0.68,72,4,109.14,2.0
3,2024-11-28T03:43:57.663909,0.759,87,4,180.09,3.8
10,2024-11-28T03:44:02.678111,0.623,59,2,178.38,2.4
2,2024-11-28T03:44:07.778307,0.535,49,1,188.02,3.3
7,2024-11-28T03:44:12.838771,0.71,65,2,196.02,2.4
10,2024-11-28T03:44:17.853908,0.847,82,4,159.93,4.5
10,2024-11-28T03:44:22.870336,0.62,67,3,174.7,4.2
10,2024-11-28T03:44:27.883900,0.482,42,1,183.57,3.7
3,2024-11-28T03:44:32.903368,0.52,52,2,103.27,2.1
7,2024-11-28T03:44:37.919178,0.73,73,2,130.55,4.0
6,2024-11-28T03:44:42.933941,0.652,72,2,125.04,1.5
6,2024-11-28T03:44:47.951132,0.789,81,4,137.6,2.0
3,2024-11-28T03:44:52.968175,0.569,65,2,84.36,3.0
5,2024-11-28T03:44:57.979468,0.608,67,4,127.61,2.7
1,2024-11-28T03:45:02.993905,0.593,55,2,190.42,2.9
9,2024-11-28T03:45:08.009398,0.733,69,5,104.03,2.4
7,2024-11-28T03:45:13.023901,0.799,82,3,145.22,1.5
8,2024-11-28T03:45:18.037604,0.961,97,4,146.94,2.1
2,2024-11-28T03:45:23.052434,0.515,43,2,194.0,1.9
10,2024-11-28T03:45:28.069467,0.63,59,4,123.16,2.8
6,2024-11-28T03:45:33.083893,0.765,63,4,190.59,4.5
8,2024-11-28T03:45:38.103904,0.524,46,2,109.23,3.8
10,2024-11-28T03:45:43.119910,0.924,77,4,119.31,3.5
4,2024-11-28T03:45:48.134028,0.95,106,7,153.89,1.6
7,2024-11-28T03:45:53.145617,0.568,66,4,164.14,3.9
3,2024-11-28T03:45:58.162087,0.638,62,4,176.23,4.2
7,2024-11-28T03:46:03.174183,0.672,68,3,143.21,1.8
10,2024-11-28T03:46:08.190361,0.688,78,3,181.58,1.9
4,2024-11-28T03:46:13.209643,0.7,72,4,80.92,1.9
6,2024-11-28T03:46:18.223897,0.592,49,1,160.69,4.3
10,2024-11-28T03:46:23.237770,0.901,104,4,185.43,1.9
3,2024-11-28T03:46:28.252191,0.661,77,5,92.33,2.1
3,2024-11-28T03:46:33.318164,0.611,51,1,187.43,3.3
9,2024-11-28T03:46:38.333911,0.746,69,4,91.94,4.5
5,2024-11-28T03:46:43.353591,0.82,75,3,91.71,4.0
9,2024-11-28T03:46:48.403891,0.615,68,4,137.36,4.2
8,2024-11-28T03:46:53.423905,0.861,69,5,127.43,3.5
3,2024-11-28T03:46:58.441937,0.684,57,3,177.77,2.0
3,2024-11-28T03:47:03.459173,0.577,59,2,166.74,3.3
2,2024-11-28T03:47:08.473915,0.827,88,5,128.69,4.2
8,2024-11-28T03:47:13.489599,0.97,114,5,134.34,2.1
7,2024-11-28T03:47:18.503939,0.71,65,3,193.79,2.8
10,2024-11-28T03:47:23.519674,0.93,99,5,124.73,2.4
5,2024-11-28T03:47:28.533912,0.692,68,3,132.46,2.2
5,2024-11-28T03:47:33.543901,0.548,52,1,83.05,4.4
7,2024-11-28T03:47:38.553895,0.689,65,4,102.77,3.3
8,2024-11-28T03:47:43.570887,0.778,72,3,140.25,3.5
10,2024-11-28T03:47:48.583894,0.569,52,1,163.97,3.5
8,2024-11-28T03:47:53.603864,0.479,57,3,125.01,2.0
5,2024-11-28T03:47:58.773922,0.61,68,3,158.82,4.4
5,2024-11-28T03:48:03.791075,0.964,90,5,100.65,1.8
3,2024-11-28T03:48:08.806035,0.864,88,6,146.32,2.9
7,2024-11-28T03:48:13.823913,0.534,59,3,105.86,2.7
5,2024-11-28T03:48:18.838601,0.595,49,3,130.22,4.1
8,2024-11-28T03:48:23.853916,0.747,72,3,160.05,2.9
1,2024-11-28T03:48:28.870296,0.631,55,3,131.66,2.2
4,2024-11-28T03:48:33.883897,0.782,77,3,163.69,3.2
5,2024-11-28T03:48:38.901458,0.64,70,4,149.87,2.0
9,2024-11-28T03:48:43.918305,0.709,74,2,184.1,2.6
9,2024-11-28T03:48:48.934415,0.719,79,4,189.78,3.1
6,2024-11-28T03:48:53.950482,0.532,43,2,110.07,1.6
7,2024-11-28T03:48:58.963937,0.657,70,4,133.89,3.8
10,2024-11-28T03:49:03.980121,0.872,94,7,164.98,2.9
10,2024-11-28T03:49:08.996821,0.555,59,3,152.16,2.9
6,2024-11-28T03:49:14.012509,0.5,49,3,86.38,4.3
4,2024-11-28T03:49:19.023904,0.663,54,3,109.02,3.8
3,2024-11-28T03:49:24.037254,0.677,60,1,141.62,1.9
4,2024-11-28T03:49:29.053944,0.702,61,2,144.28,1.9
3,2024-11-28T03:49:34.071282,0.827,89,6,187.67,2.0
3,2024-11-28T03:49:39.083904,0.977,94,5,116.62,2.6
10,2024-11-28T03:49:44.102076,0.8,84,5,168.39,3.6
4,2024-11-28T03:49:49.119524,0.601,50,2,178.31,3.8
2,2024-11-28T03:49:54.134456,0.553,49,2,145.36,2.0
2,2024-11-28T03:49:59.152038,0.501,44,3,83.46,1.6
9,2024-11-28T03:50:04.165287,0.569,63,4,133.57,2.3
3,2024-11-28T03:50:09.178657,0.811,68,2,117.69,4.4
4,2024-11-28T03:50:14.193907,0.636,56,3,165.85,2.9
3,2024-11-28T03:50:19.213905,0.565,59,2,176.63,2.5
8,2024-11-28T03:50:24.229962,0.743,75,3,138.28,3.6
9,2024-11-28T03:50:29.243895,0.83,99,3,179.27,1.9
5,2024-11-28T03:50:34.259769,0.684,61,2,99.55,2.6
4,2024-11-28T03:50:39.273908,0.608,57,1,176.07,2.1
10,2024-11-28T03:50:44.323150,0.631,51,3,190.56,2.5
8,2024-11-28T03:50:49.343902,0.573,59,2,199.17,1.7
4,2024-11-28T03:50:54.358150,0.791,88,5,125.71,3.3
3,2024-11-28T03:50:59.375897,0.736,73,5,169.79,1.6
8,2024-11-28T03:51:04.393134,0.735,65,2,128.87,3.2
10,2024-11-28T03:51:09.412024,0.66,77,3,117.7,2.6
6,2024-11-28T03:51:14.423899,0.578,49,2,189.26,1.5
6,2024-11-28T03:51:19.433895,0.864,100,4,90.79,1.6
10,2024-11-28T03:51:24.451016,0.517,57,3,105.84,4.4
1,2024-11-28T03:51:29.470144,0.709,82,2,190.22,3.3
8,2024-11-28T03:51:34.483900,0.718,82,6,156.51,3.1
3,2024-11-28T03:51:39.502162,0.558,62,4,178.55,2.3
2,2024-11-28T03:51:44.520984,0.702,70,3,186.08,3.7
2,2024-11-28T03:51:49.533904,0.634,72,4,184.95,2.3
10,2024-11-28T03:51:54.551655,0.832,68,2,123.12,1.9
2,2024-11-28T03:51:59.569250,0.852,88,5,148.57,2.0
2,2024-11-28T03:52:04.583906,0.517,55,1,138.92,3.7
1,2024-11-28T03:52:09.601181,0.617,57,2,124.9,2.4
4,2024-11-28T03:52:14.614266,0.643,61,3,144.39,2.5
5,2024-11-28T03:52:19.632456,0.531,63,2,150.24,2.8
3,2024-11-28T03:52:24.643998,0.585,56,3,155.76,4.3
5,2024-11-28T03:52:29.655295,0.594,50,1,147.33,4.2
2,2024-11-28T03:52:34.673923,0.695,63,4,191.57,4.2
5,2024-11-28T03:52:39.691056,0.623,55,2,94.53,2.8
10,2024-11-28T03:52:44.708741,0.722,77,2,184.8,2.3
8,2024-11-28T03:52:49.724847,0.954,86,3,181.91,1.5
8,2024-11-28T03:52:54.740771,0.773,70,4,137.56,2.9
9,2024-11-28T03:52:59.753943,0.784,62,4,191.98,2.3
6,2024-11-28T03:53:04.769687,0.67,77,3,95.72,3.2
3,2024-11-28T03:53:09.783892,0.895,104,4,157.7,2.3
8,2024-11-28T03:53:14.800341,0.823,96,4,192.62,4.2
10,2024-11-28T03:53:19.813901,0.772,85,4,100.64,3.0
6,2024-11-28T03:53:24.831143,0.666,79,5,117.29,3.2
6,2024-11-28T03:53:29.845925,0.774,91,2,182.29,2.6
4,2024-11-28T03:53:34.863571,0.856,92,4,82.87,2.1
1,2024-11-28T03:53:39.879343,0.615,58,3,151.45,4.5
9,2024-11-28T03:53:44.893928,0.813,79,3,135.84,2.5
1,2024-11-28T03:53:49.910251,0.803,71,3,180.0,2.2
3,2024-11-28T03:53:54.923897,0.748,66,2,104.11,1.7
9,2024-11-28T03:53:59.940521,0.698,78,3,139.56,1.8
1,2024-11-28T03:54:04.956920,0.61,63,4,138.62,2.5
6,2024-11-28T03:54:09.972620,0.899,80,4,148.83,3.3
7,2024-11-28T03:54:14.987777,0.763,79,5,182.75,4.4
7,2024-11-28T03:54:20.006071,0.496,46,3,164.2,1.9
7,2024-11-28T03:54:25.023907,0.724,77,3,97.52,4.5
1,2024-11-28T03:54:30.054066,0.697,64,4,183.74,2.7
3,2024-11-28T03:54:35.068226,0.596,67,5,156.04,4.0
10,2024-11-28T03:54:40.119853,0.917,78,2,115.84,2.1
3,2024-11-28T03:54:45.141729,0.757,86,4,196.85,3.9
9,2024-11-28T03:54:50.153898,0.932,90,6,126.63,2.6
9,2024-11-28T03:54:55.170378,0.525,62,4,186.31,2.8
9,2024-11-28T03:55:00.183906,0.893,71,5,83.43,3.7
1,2024-11-28T03:55:05.201348,0.585,60,3,82.23,2.8
7,2024-11-28T03:55:10.219926,0.799,72,2,108.32,2.3
10,2024-11-28T03:55:15.313646,0.62,67,4,130.16,1.9
10,2024-11-28T03:55:20.326698,0.857,70,4,87.6,2.8
9,2024-11-28T03:55:25.339566,0.825,90,4,117.97,2.7
2,2024-11-28T03:55:30.353904,0.725,70,5,130.63,2.5
9,2024-11-28T03:55:35.363911,0.699,81,3,114.15,2.6
8,2024-11-28T03:55:40.383914,0.894,77,3,196.59,2.5
2,2024-11-28T03:55:45.398661,0.724,61,1,184.59,3.3
2,2024-11-28T03:55:50.413936,0.701,68,4,136.42,1.9
10,2024-11-28T03:55:55.433366,0.712,82,4,198.98,4.1
8,2024-11-28T03:56:00.447330,0.54,60,3,141.79,1.9
3,2024-11-28T03:56:05.463910,0.78,89,6,171.89,2.6
6,2024-11-28T03:56:10.473911,0.569,58,3,84.59,3.3
10,2024-11-28T03:56:15.489156,0.61,70,2,120.92,3.4
10,2024-11-28T03:56:20.503906,0.543,64,5,151.22,2.5
6,2024-11-28T03:56:25.519765,0.504,54,1,106.93,1.9
9,2024-11-28T03:56:30.533924,0.919,99,7,96.45,4.4
2,2024-11-28T03:56:35.550212,0.828,77,5,86.9,2.2
10,2024-11-28T03:56:40.583914,0.592,66,2,120.97,2.4
3,2024-11-28T03:56:45.599092,0.808,82,5,81.54,3.4
9,2024-11-28T03:56:50.613922,0.699,78,5,195.0,4.3
4,2024-11-28T03:56:55.625510,0.937,86,4,197.0,2.9
10,2024-11-28T03:57:00.642306,0.523,49,3,193.54,3.0
6,2024-11-28T03:57:05.654620,0.573,47,1,189.4,1.7
9,2024-11-28T03:57:10.670449,0.559,46,2,149.45,3.1
3,2024-11-28T03:57:15.686581,0.768,70,5,176.73,2.1
3,2024-11-28T03:57:20.702766,0.555,58,4,173.13,3.7
3,2024-11-28T03:57:25.718656,0.679,65,2,183.63,2.1
4,2024-11-28T03:57:30.733931,0.524,57,3,107.83,3.6
7,2024-11-28T03:57:35.749563,0.786,88,3,137.16,1.8
5,2024-11-28T03:57:40.763897,0.738,64,3,181.59,4.2
4,2024-11-28T03:57:45.780530,0.902,93,5,199.68,3.2
7,2024-11-28T03:57:50.900192,0.892,95,4,139.2,3.6
5,2024-11-28T03:57:55.913927,0.685,62,3,195.45,1.5
6,2024-11-28T03:58:00.930847,0.808,71,3,141.88,4.4
7,2024-11-28T03:58:05.943902,0.695,65,5,91.51,2.0
1,2024-11-28T03:58:10.961886,0.512,48,2,199.17,3.2
2,2024-11-28T03:58:15.973910,0.613,72,5,107.7,1.5
4,2024-11-28T03:58:20.988982,0.558,57,1,156.29,1.8
1,2024-11-28T03:58:26.003710,0.648,65,3,167.09,2.3
2,2024-11-28T03:58:31.019662,0.657,64,3,121.8,2.0
7,2024-11-28T03:58:36.074363,0.522,62,3,197.19,1.6
8,2024-11-28T03:58:41.093904,0.722,73,3,184.72,2.2
7,2024-11-28T03:58:46.110877,0.777,69,3,199.39,4.2
6,2024-11-28T03:58:51.129408,0.749,83,6,100.33,1.9
6,2024-11-28T03:58:56.143918,0.749,63,3,127.24,3.0
2,2024-11-28T03:59:01.158226,0.775,82,5,173.44,3.5
9,2024-11-28T03:59:06.173904,0.559,48,1,115.86,2.8
1,2024-11-28T03:59:11.191651,0.56,52,2,90.4,2.5
10,2024-11-28T03:59:16.203896,0.476,42,2,163.19,3.1
8,2024-11-28T03:59:21.213909,0.885,90,4,96.39,2.2
2,2024-11-28T03:59:26.230708,0.809,70,3,168.01,2.9
9,2024-11-28T03:59:31.243913,0.825,80,2,189.76,3.6
2,2024-11-28T03:59:36.261763,0.805,65,4,98.82,2.4
1,2024-11-28T03:59:41.280635,0.66,74,3,153.98,2.0
1,2024-11-28T03:59:46.294274,0.647,56,3,115.56,2.3
4,2024-11-28T03:59:51.306652,0.758,83,3,81.62,4.4
3,2024-11-28T03:59:56.324905,0.591,59,3,179.34,2.4
1,2024-11-28T04:00:01.342492,0.693,72,2,134.24,4.2
10,2024-11-28T04:00:06.353932,0.653,68,4,158.7,3.0
8,2024-11-28T04:00:11.366336,0.606,49,3,119.63,1.9
3,2024-11-28T04:00:16.383542,0.919,88,3,195.83,2.9
7,2024-11-28T04:00:21.411928,0.715,74,2,181.11,3.9
3,2024-11-28T04:00:26.424667,0.953,110,6,105.06,2.0
9,2024-11-28T04:00:31.441607,0.767,61,4,122.24,3.9
3,2024-11-28T04:00:36.459385,0.644,59,4,143.21,2.9
10,2024-11-28T04:00:41.477227,0.947,104,6,116.07,2.7
7,2024-11-28T04:00:46.493217,0.738,74,3,144.96,2.3
1,2024-11-28T04:00:51.508970,0.773,64,4,150.14,3.8
6,2024-11-28T04:00:56.523892,0.78,92,5,160.29,4.2
5,2024-11-28T04:01:01.539553,0.757,82,5,131.31,3.0
4,2024-11-28T04:01:06.563900,0.799,64,3,151.21,3.3
5,2024-11-28T04:01:11.574345,0.629,63,2,167.67,4.5
7,2024-11-28T04:01:16.591086,0.613,54,2,189.29,3.3
2,2024-11-28T04:01:21.609054,0.674,75,5,191.8,3.4
8,2024-11-28T04:01:26.623906,0.642,62,2,111.16,3.2
7,2024-11-28T04:01:31.642090,0.529,58,3,111.4,1.7
7,2024-11-28T04:01:36.653905,0.665,58,4,124.08,2.3
1,2024-11-28T04:01:41.669987,0.645,59,2,182.38,2.1
1,2024-11-28T04:01:46.690754,0.562,54,3,144.86,2.9
8,2024-11-28T04:01:51.703905,0.583,47,1,123.35,3.5
3,2024-11-28T04:01:56.719054,0.775,62,3,97.3,2.1
8,2024-11-28T04:02:01.733344,0.653,60,2,120.36,1.6
2,2024-11-28T04:02:06.806785,0.689,71,3,155.2,2.9
4,2024-11-28T04:02:11.822632,0.68,76,3,94.49,2.6
5,2024-11-28T04:02:16.837405,0.813,78,5,171.55,2.3
7,2024-11-28T04:02:21.853403,0.821,89,6,157.37,2.8
10,2024-11-28T04:02:26.870172,0.679,71,4,118.09,4.4
5,2024-11-28T04:02:31.920721,0.61,55,3,126.74,3.1
10,2024-11-28T04:02:36.943896,0.656,55,3,114.47,1.7
9,2024-11-28T04:02:41.960093,0.79,87,2,194.44,4.1
4,2024-11-28T04:02:46.973921,0.652,75,5,109.01,2.5
3,2024-11-28T04:02:51.990473,0.633,56,3,139.81,3.1
3,2024-11-28T04:02:57.010679,0.941,111,4,97.48,2.0
10,2024-11-28T04:03:02.023896,0.686,64,5,85.89,3.9
8,2024-11-28T04:03:07.043251,0.535,51,4,171.01,1.5
5,2024-11-28T04:03:12.059760,0.591,55,4,177.99,3.1
1,2024-11-28T04:03:17.073913,0.597,60,2,150.5,3.3
1,2024-11-28T04:03:22.130424,0.696,81,3,111.01,3.4
6,2024-11-28T04:03:27.143921,0.506,58,3,129.73,1.7
7,2024-11-28T04:03:32.163909,0.818,77,2,154.58,3.2
9,2024-11-28T04:03:37.181437,0.773,62,1,93.78,1.8
5,2024-11-28T04:03:42.198306,0.606,65,2,123.05,2.4
9,2024-11-28T04:03:47.213903,0.519,45,1,95.75,2.9
7,2024-11-28T04:03:52.229595,0.602,67,4,167.29,3.0
8,2024-11-28T04:03:57.259297,0.577,60,2,171.07,3.4
7,2024-11-28T04:04:02.273904,0.84,99,7,196.89,2.1
4,2024-11-28T04:04:07.290915,0.866,75,5,156.06,3.1
2,2024-11-28T04:04:12.309481,0.581,64,4,148.18,3.0
5,2024-11-28T04:04:17.323905,0.832,74,2,123.68,3.0
1,2024-11-28T04:04:22.342877,0.695,74,2,163.9,3.8
9,2024-11-28T04:04:27.355003,0.624,58,1,92.06,3.7
3,2024-11-28T04:04:32.374647,0.582,67,3,140.24,2.3
6,2024-11-28T04:04:37.400114,0.703,65,2,90.89,1.7
10,2024-11-28T04:04:42.413912,0.686,66,4,178.29,4.3
5,2024-11-28T04:04:47.427363,0.832,68,4,112.6,3.7
3,2024-11-28T04:04:52.443895,0.894,103,7,164.89,2.4
8,2024-11-28T04:04:57.461069,0.782,74,3,157.36,1.9
2,2024-11-28T04:05:02.479114,0.769,85,4,107.21,2.5
10,2024-11-28T04:05:07.494273,0.745,86,3,138.5,1.8
10,2024-11-28T04:05:12.503894,0.516,59,3,171.41,3.4
5,2024-11-28T04:05:17.518564,0.773,65,2,194.64,3.4
2,2024-11-28T04:05:22.609175,0.889,86,2,114.15,2.8
3,2024-11-28T04:05:27.623907,0.833,68,3,99.34,3.2
7,2024-11-28T04:05:32.642416,0.641,55,2,182.39,2.3
1,2024-11-28T04:05:37.662106,0.836,87,3,115.42,1.7
6,2024-11-28T04:05:42.681507,0.543,48,2,182.91,1.5
4,2024-11-28T04:05:47.695961,0.738,66,5,189.89,2.5
4,2024-11-28T04:05:52.712630,0.756,77,5,138.54,2.7
3,2024-11-28T04:05:57.723917,0.743,59,3,177.44,4.1
5,2024-11-28T04:06:02.743162,0.49,42,1,113.75,4.4
10,2024-11-28T04:06:07.761107,0.788,73,2,139.55,1.5
7,2024-11-28T04:06:12.779046,0.691,70,2,142.21,3.0
3,2024-11-28T04:06:17.795037,0.767,80,6,168.71,4.4
8,2024-11-28T04:06:22.811757,0.519,61,3,193.47,4.0
3,2024-11-28T04:06:27.864685,0.978,98,7,121.59,2.1
4,2024-11-28T04:06:32.886671,0.724,84,6,99.75,3.2
6,2024-11-28T04:06:37.903901,0.607,53,1,87.0,2.6
5,2024-11-28T04:06:42.920957,0.557,63,3,142.64,3.1
10,2024-11-28T04:06:47.933923,0.766,89,4,142.35,2.8
9,2024-11-28T04:06:52.949950,0.796,76,4,192.72,3.6
1,2024-11-28T04:06:57.963907,0.676,68,2,82.65,4.2
4,2024-11-28T04:07:02.979660,0.604,56,2,171.7,1.8
9,2024-11-28T04:07:07.994093,0.499,55,2,156.55,2.1
4,2024-11-28T04:07:13.009711,0.746,71,2,170.12,1.9
1,2024-11-28T04:07:18.023939,0.53,57,1,133.76,1.8
2,2024-11-28T04:07:23.040643,0.533,47,3,167.75,2.8
4,2024-11-28T04:07:28.054465,0.556,58,3,170.88,4.3
2,2024-11-28T04:07:33.072308,0.722,58,2,137.32,4.3
9,2024-11-28T04:07:38.085605,0.668,58,3,173.43,2.4
3,2024-11-28T04:07:43.102371,0.941,103,3,107.17,1.8
2,2024-11-28T04:07:48.115572,0.876,79,6,88.53,2.8
10,2024-11-28T04:07:53.127920,0.833,98,6,191.11,1.8
2,2024-11-28T04:07:58.139253,0.549,60,3,124.8,4.2
7,2024-11-28T04:08:03.153917,0.775,71,2,181.14,1.6
1,2024-11-28T04:08:08.172082,0.564,64,4,150.62,1.6
3,2024-11-28T04:08:13.183902,0.781,66,3,151.93,3.6
7,2024-11-28T04:08:18.197875,0.537,49,1,157.04,3.9
4,2024-11-28T04:08:23.213925,0.873,79,5,146.88,3.3
6,2024-11-28T04:08:28.230200,0.938,107,6,176.89,2.4
9,2024-11-28T04:08:33.243967,0.59,51,2,104.61,2.2
4,2024-11-28T04:08:38.262218,0.566,50,3,109.79,2.2
1,2024-11-28T04:08:43.275131,0.583,49,1,109.14,2.7
6,2024-11-28T04:08:48.291153,0.541,57,4,134.96,4.0
7,2024-11-28T04:08:53.313926,0.702,74,5,188.05,3.6
10,2024-11-28T04:08:58.329530,0.891,86,4,108.82,4.2
3,2024-11-28T04:09:03.343914,0.719,77,5,177.54,2.3
10,2024-11-28T04:09:08.357971,0.615,69,4,125.99,3.2
8,2024-11-28T04:09:13.373907,0.628,66,4,193.33,3.8
7,2024-11-28T04:09:18.401911,0.777,85,4,157.85,2.9
5,2024-11-28T04:09:23.438529,0.667,54,3,134.72,4.0
5,2024-11-28T04:09:28.453925,0.67,79,4,174.34,3.4
3,2024-11-28T04:09:33.471516,0.728,80,4,139.62,1.9
7,2024-11-28T04:09:38.489568,0.652,61,4,150.57,2.8
7,2024-11-28T04:09:43.503899,0.67,61,4,169.26,3.2
6,2024-11-28T04:09:48.519475,0.584,66,2,151.36,3.6
8,2024-11-28T04:09:53.533932,0.832,76,3,131.45,4.5
8,2024-11-28T04:09:58.551664,0.834,84,5,183.3,4.1
7,2024-11-28T04:10:03.569371,0.64,67,3,87.34,2.7
4,2024-11-28T04:10:08.583896,0.554,56,2,149.78,3.7
10,2024-11-28T04:10:13.593920,0.943,94,3,116.09,2.8
1,2024-11-28T04:10:18.603917,0.562,55,2,166.52,4.1
7,2024-11-28T04:10:23.723910,0.677,64,4,167.95,2.1
6,2024-11-28T04:10:28.743903,0.799,84,4,128.95,3.6
8,2024-11-28T04:10:33.754159,0.513,56,2,196.73,4.4
3,2024-11-28T04:10:38.772984,0.879,83,5,151.39,4.1
8,2024-11-28T04:10:43.788165,0.688,58,4,134.54,3.8
7,2024-11-28T04:10:48.805968,0.513,59,4,169.44,3.6
9,2024-11-28T04:10:53.822453,0.719,73,5,139.24,1.7
2,2024-11-28T04:10:58.838130,0.708,68,4,100.25,2.9
3,2024-11-28T04:11:03.853306,0.516,49,3,105.97,3.2
8,2024-11-28T04:11:08.869583,0.767,62,3,94.97,2.8
10,2024-11-28T04:11:13.883889,0.736,59,3,103.25,4.1
2,2024-11-28T04:11:18.900969,0.733,84,6,109.78,3.6
8,2024-11-28T04:11:23.913902,0.601,56,4,83.11,4.3
8,2024-11-28T04:11:28.923905,0.758,70,3,91.51,1.9
7,2024-11-28T04:11:33.933904,0.593,53,3,170.16,1.9
3,2024-11-28T04:11:38.948817,0.758,73,3,107.28,2.7
7,2024-11-28T04:11:43.963704,0.702,66,4,94.86,3.4
10,2024-11-28T04:11:48.981789,0.679,79,5,143.17,3.5
9,2024-11-28T04:11:53.996282,0.827,72,5,137.38,3.9
4,2024-11-28T04:11:59.014614,0.736,63,2,84.32,2.6
3,2024-11-28T04:12:04.031028,0.863,99,5,122.78,4.2
8,2024-11-28T04:12:09.043902,0.891,92,5,173.05,1.6
3,2024-11-28T04:12:14.060493,0.805,70,2,129.74,3.6
1,2024-11-28T04:12:19.073915,0.805,84,5,191.18,3.3
6,2024-11-28T04:12:24.086517,0.714,82,5,198.38,4.0
3,2024-11-28T04:12:29.102009,0.873,94,6,86.38,1.9
2,2024-11-28T04:12:34.113921,0.801,89,6,127.93,1.5
7,2024-11-28T04:12:39.131397,0.727,62,1,93.08,2.3
3,2024-11-28T04:12:44.143912,0.854,75,3,168.06,4.1
6,2024-11-28T04:12:49.157184,0.848,90,3,161.47,2.6
8,2024-11-28T04:12:54.173925,0.721,68,4,181.84,1.8
8,2024-11-28T04:12:59.188759,0.722,74,2,144.02,3.8
7,2024-11-28T04:13:04.203898,0.813,86,3,186.12,2.1
5,2024-11-28T04:13:09.220755,0.898,97,7,198.72,4.4
3,2024-11-28T04:13:14.233913,0.92,76,5,104.97,4.5
3,2024-11-28T04:13:19.250198,0.51,51,2,164.67,2.6
8,2024-11-28T04:13:24.263896,0.59,63,3,189.73,3.9
8,2024-11-28T04:13:29.280109,0.622,74,4,108.89,2.1
8,2024-11-28T04:13:34.293920,0.576,54,3,115.21,3.1
2,2024-11-28T04:13:39.304242,0.566,49,2,158.06,3.7
4,2024-11-28T04:13:44.322966,0.771,78,4,83.49,2.0
10,2024-11-28T04:13:49.334096,0.654,65,2,124.2,4.2
6,2024-11-28T04:13:54.349244,0.519,53,2,98.05,1.8
3,2024-11-28T04:13:59.365419,0.582,66,5,159.67,2.7
1,2024-11-28T04:14:04.383915,0.885,74,3,145.9,2.3
10,2024-11-28T04:14:09.436596,0.613,56,2,164.93,1.9
1,2024-11-28T04:14:14.451872,0.546,60,2,139.83,4.2
4,2024-11-28T04:14:19.496583,0.516,53,4,159.98,2.3
5,2024-11-28T04:14:24.517059,0.754,65,4,184.62,2.9
10,2024-11-28T04:14:29.533119,0.506,49,2,191.29,4.1
5,2024-11-28T04:14:34.550132,0.711,70,2,109.23,3.0
9,2024-11-28T04:14:39.563899,0.758,82,5,110.71,3.9
10,2024-11-28T04:14:44.579986,0.488,46,2,139.16,4.5
6,2024-11-28T04:14:49.593908,0.818,80,2,82.58,3.7
8,2024-11-28T04:14:54.611988,0.558,52,2,99.83,2.5
10,2024-11-28T04:14:59.623904,0.813,85,5,176.77,2.2
8,2024-11-28T04:15:04.639935,0.742,71,5,103.04,1.8
5,2024-11-28T04:15:09.654365,0.557,46,1,145.0,4.0
9,2024-11-28T04:15:14.669850,0.605,65,3,108.7,2.7
10,2024-11-28T04:15:19.684850,0.853,69,2,83.38,3.5
1,2024-11-28T04:15:24.703895,0.852,91,4,112.01,2.4
3,2024-11-28T04:15:29.713927,0.774,91,5,98.77,4.3
4,2024-11-28T04:15:34.726322,0.827,81,3,99.66,3.0
1,2024-11-28T04:15:39.743915,0.549,51,1,90.12,2.9
1,2024-11-28T04:15:44.761943,0.799,91,5,123.37,3.2
10,2024-11-28T04:15:49.773913,0.682,72,5,138.0,2.2
8,2024-11-28T04:15:54.785803,0.817,75,2,147.09,2.2
8,2024-11-28T04:15:59.803893,0.65,74,5,95.98,4.0
9,2024-11-28T04:16:04.818224,0.706,63,2,124.54,3.3
10,2024-11-28T04:16:09.833916,0.679,73,4,136.21,4.3
10,2024-11-28T04:16:14.849916,0.707,73,4,111.49,3.8
4,2024-11-28T04:16:19.863899,0.755,82,5,115.33,4.4
4,2024-11-28T04:16:24.879604,0.694,76,3,131.21,2.1
2,2024-11-28T04:16:29.893914,0.794,84,4,105.26,2.0
9,2024-11-28T04:16:34.909591,0.622,52,3,198.02,2.2
9,2024-11-28T04:16:39.923907,0.729,65,2,94.75,3.2
8,2024-11-28T04:16:44.941548,0.557,50,3,165.52,4.3
7,2024-11-28T04:16:49.953916,0.821,88,3,181.05,2.2
3,2024-11-28T04:16:54.970274,0.636,66,4,199.82,2.4
9,2024-11-28T04:16:59.983897,0.872,70,5,121.3,3.7
5,2024-11-28T04:17:04.998486,0.788,89,6,185.41,4.3
6,2024-11-28T04:17:10.013915,0.629,51,2,108.41,3.1
3,2024-11-28T04:17:15.023907,0.847,70,3,171.3,4.0
7,2024-11-28T04:17:20.038731,0.499,50,3,185.36,1.8
3,2024-11-28T04:17:25.053908,0.797,95,4,136.91,1.8
5,2024-11-28T04:17:30.069487,0.809,70,4,109.42,1.6
4,2024-11-28T04:17:35.083919,0.774,67,2,192.59,2.6
7,2024-11-28T04:17:40.101550,0.862,101,5,152.97,3.3
9,2024-11-28T04:17:45.113950,0.774,90,3,130.34,4.4
1,2024-11-28T04:17:50.130833,0.753,71,3,90.61,3.2
9,2024-11-28T04:17:55.143888,0.706,63,4,189.31,3.5
10,2024-11-28T04:18:00.159620,0.688,66,4,164.94,3.7
1,2024-11-28T04:18:05.174736,0.649,74,5,188.01,3.3
9,2024-11-28T04:18:10.191362,0.601,69,5,181.42,2.9
10,2024-11-28T04:18:15.237725,0.774,67,4,162.11,1.8
2,2024-11-28T04:18:20.260334,0.658,59,3,187.16,3.0
5,2024-11-28T04:18:25.334267,0.822,89,5,104.33,4.0
7,2024-11-28T04:18:30.352363,0.589,63,4,160.08,4.2
6,2024-11-28T04:18:35.372146,0.491,42,2,101.55,2.9
10,2024-11-28T04:18:40.383913,0.622,71,4,96.64,3.1
2,2024-11-28T04:18:45.393920,0.699,61,2,160.93,4.5
8,2024-11-28T04:18:50.406751,0.711,80,6,142.39,3.6
6,2024-11-28T04:18:55.423631,0.617,73,5,139.27,3.2
3,2024-11-28T04:19:00.443904,0.83,71,2,187.02,2.5
7,2024-11-28T04:19:05.460248,0.623,68,4,190.19,1.9
6,2024-11-28T04:19:10.473917,0.698,80,3,162.48,4.4
7,2024-11-28T04:19:15.483903,0.693,61,3,133.35,2.6
8,2024-11-28T04:19:20.500650,0.504,41,1,133.89,2.0
1,2024-11-28T04:19:25.513915,0.632,59,2,152.11,3.8
4,2024-11-28T04:19:30.523909,0.695,62,3,114.89,2.7
2,2024-11-28T04:19:35.543894,0.64,66,3,138.15,2.6
6,2024-11-28T04:19:40.561243,0.68,55,1,156.06,3.4
5,2024-11-28T04:19:45.574708,0.602,54,2,154.15,2.6
3,2024-11-28T04:19:50.591059,0.594,69,2,142.08,3.0
9,2024-11-28T04:19:55.610404,0.86,85,2,116.67,2.1
2,2024-11-28T04:20:00.623914,0.935,79,5,168.3,2.0
9,2024-11-28T04:20:05.640109,0.822,71,5,122.84,2.0
3,2024-11-28T04:20:10.653924,0.739,66,4,80.14,3.6
2,2024-11-28T04:20:15.670651,0.81,74,5,98.44,4.3
10,2024-11-28T04:20:20.683906,0.523,48,3,157.83,2.1
8,2024-11-28T04:20:25.702359,0.883,89,5,134.12,2.9
2,2024-11-28T04:20:30.719668,0.765,70,2,187.54,2.3
10,2024-11-28T04:20:35.733907,0.582,69,5,164.34,1.9
1,2024-11-28T04:20:40.753920,0.802,88,6,141.29,2.2
8,2024-11-28T04:20:45.773748,0.511,49,3,137.76,2.8
10,2024-11-28T04:20:50.789866,0.786,89,6,186.12,2.1
3,2024-11-28T04:20:55.803893,0.497,44,2,163.66,2.8
7,2024-11-28T04:21:00.821913,0.469,41,1,125.67,2.5
6,2024-11-28T04:21:05.833919,0.883,102,5,141.43,2.3
9,2024-11-28T04:21:10.846058,0.847,87,6,113.75,2.6
8,2024-11-28T04:21:15.863904,0.884,105,7,88.16,3.5
8,2024-11-28T04:21:20.881791,0.881,80,5,144.39,4.3
7,2024-11-28T04:21:25.899104,0.625,62,2,80.87,3.5
9,2024-11-28T04:21:30.913916,0.702,68,2,196.84,3.2
3,2024-11-28T04:21:35.926692,0.634,68,3,85.54,2.9
5,2024-11-28T04:21:40.943898,0.806,68,4,99.25,4.3
4,2024-11-28T04:21:45.962724,0.666,75,4,109.54,1.8
7,2024-11-28T04:21:50.980319,0.723,65,3,106.93,3.2
2,2024-11-28T04:21:56.012750,0.887,82,3,121.12,3.3
3,2024-11-28T04:22:01.030176,0.664,59,3,187.78,1.8
4,2024-11-28T04:22:06.043929,0.653,59,3,95.84,2.9
2,2024-11-28T04:22:11.093918,0.761,69,2,104.81,4.4
8,2024-11-28T04:22:16.113919,0.737,81,4,161.76,4.1
10,2024-11-28T04:22:21.131443,0.763,79,5,195.16,4.2
7,2024-11-28T04:22:26.149755,0.52,48,2,163.1,4.3
5,2024-11-28T04:22:31.163924,0.807,64,2,167.36,2.2
2,2024-11-28T04:22:36.180583,0.729,71,5,153.94,3.8
4,2024-11-28T04:22:41.193921,0.594,65,2,196.83,2.1
2,2024-11-28T04:22:46.208669,0.657,64,4,98.83,3.6
10,2024-11-28T04:22:51.223916,0.621,60,2,149.87,1.7
3,2024-11-28T04:22:56.240216,0.507,51,2,199.18,3.9
3,2024-11-28T04:23:01.254053,0.526,51,2,80.62,4.1
4,2024-11-28T04:23:06.271957,0.614,49,1,167.62,1.9
1,2024-11-28T04:23:11.292107,0.758,79,5,177.22,3.3
8,2024-11-28T04:23:16.305908,0.727,70,4,198.46,1.7
9,2024-11-28T04:23:21.366786,0.791,94,6,177.47,4.4
6,2024-11-28T04:23:26.383901,0.535,44,1,174.64,3.2
5,2024-11-28T04:23:31.397744,0.856,71,3,96.18,4.2
7,2024-11-28T04:23:36.413229,0.623,55,3,183.28,4.1
6,2024-11-28T04:23:41.429952,0.789,82,2,126.87,2.5
6,2024-11-28T04:23:46.444056,0.575,64,2,108.15,4.0
3,2024-11-28T04:23:51.459877,0.788,70,2,163.57,2.1
6,2024-11-28T04:23:56.473908,0.489,53,2,92.02,3.5
7,2024-11-28T04:24:01.529632,0.565,51,2,146.21,1.5
5,2024-11-28T04:24:06.543916,0.721,74,2,188.64,3.1
9,2024-11-28T04:24:11.563504,0.889,74,2,90.76,2.7
3,2024-11-28T04:24:16.575631,0.723,82,6,85.48,4.5
9,2024-11-28T04:24:21.589881,0.639,63,2,110.49,4.3
5,2024-11-28T04:24:26.603897,0.79,70,3,97.16,2.6
9,2024-11-28T04:24:31.620943,0.567,60,3,172.75,2.4
3,2024-11-28T04:24:36.641095,0.73,86,3,87.71,3.4
6,2024-11-28T04:24:41.653923,0.652,67,5,143.18,3.1
6,2024-11-28T04:24:46.671142,0.679,71,3,177.66,3.4
9,2024-11-28T04:24:51.686228,0.628,56,4,107.41,3.2
8,2024-11-28T04:24:56.703900,0.635,67,3,146.53,1.8
8,2024-11-28T04:25:01.717320,0.715,57,2,104.22,4.2
6,2024-11-28T04:25:06.728690,0.617,68,4,182.81,3.4
9,2024-11-28T04:25:11.743902,0.723,73,2,196.59,2.0
9,2024-11-28T04:25:16.761607,0.562,59,3,141.29,3.2
7,2024-11-28T04:25:21.773911,0.596,49,1,138.52,2.3
7,2024-11-28T04:25:26.791870,0.898,82,3,107.77,3.9
5,2024-11-28T04:25:31.809068,0.676,65,2,109.11,4.2
8,2024-11-28T04:25:36.823901,0.677,59,3,166.79,2.8
8,2024-11-28T04:25:41.842143,0.521,44,1,163.54,4.0
1,2024-11-28T04:25:46.853921,0.874,76,3,151.23,1.5
2,2024-11-28T04:25:51.871724,0.791,63,4,122.37,4.2
10,2024-11-28T04:25:56.886550,0.773,64,1,119.59,4.0
6,2024-11-28T04:26:01.902421,0.873,85,4,90.56,1.9
1,2024-11-28T04:26:06.949993,0.908,78,4,185.68,4.3
3,2024-11-28T04:26:11.973256,0.663,77,2,197.7,4.3
7,2024-11-28T04:26:16.991483,0.872,82,2,184.23,2.6
4,2024-11-28T04:26:22.006324,0.511,57,3,151.34,1.5
9,2024-11-28T04:26:27.023205,0.676,80,4,182.64,2.8
5,2024-11-28T04:26:32.037963,0.717,77,4,143.55,2.7
2,2024-11-28T04:26:37.053901,0.665,75,3,138.01,3.9
3,2024-11-28T04:26:42.072163,0.499,42,1,117.48,4.3
4,2024-11-28T04:26:47.083888,0.663,60,2,187.66,2.1
9,2024-11-28T04:26:52.103038,0.543,63,3,98.83,1.8
10,2024-11-28T04:26:57.121085,0.794,74,3,112.11,3.2
1,2024-11-28T04:27:02.134362,0.557,57,4,96.92,2.2
10,2024-11-28T04:27:07.153921,0.851,88,3,83.19,2.4
8,2024-11-28T04:27:12.166022,0.667,79,2,171.24,2.5
8,2024-11-28T04:27:17.182917,0.795,64,2,105.08,2.7
5,2024-11-28T04:27:22.200638,0.595,65,4,81.91,4.0
6,2024-11-28T04:27:27.213915,0.862,76,5,90.49,4.1
3,2024-11-28T04:27:32.230565,0.549,65,3,80.02,3.8
5,2024-11-28T04:27:37.250126,0.729,75,3,193.21,3.1
7,2024-11-28T04:27:42.264450,0.783,93,4,180.55,2.8
4,2024-11-28T04:27:47.397741,0.78,91,2,151.93,3.4
5,2024-11-28T04:27:52.412491,0.852,72,3,167.88,4.0
1,2024-11-28T04:27:57.423926,0.479,40,2,156.96,2.1
9,2024-11-28T04:28:02.438038,0.868,86,3,183.39,4.1
8,2024-11-28T04:28:07.453386,0.761,79,3,120.45,3.7
3,2024-11-28T04:28:12.469094,0.672,79,5,144.26,2.1
7,2024-11-28T04:28:17.477425,0.927,109,7,103.45,4.5
9,2024-11-28T04:28:22.493924,0.537,60,2,176.39,2.8
1,2024-11-28T04:28:27.503907,0.57,48,2,199.57,3.4
9,2024-11-28T04:28:32.513893,0.865,86,4,141.85,3.4
6,2024-11-28T04:28:37.526487,0.683,70,2,140.71,3.1
8,2024-11-28T04:28:42.539044,0.784,75,4,139.35,2.6
9,2024-11-28T04:28:47.551658,0.553,48,2,186.57,3.1
8,2024-11-28T04:28:52.568726,0.576,56,4,179.95,2.2
8,2024-11-28T04:28:57.583909,0.625,63,4,126.65,3.3
1,2024-11-28T04:29:02.598573,0.552,46,2,81.06,3.8
1,2024-11-28T04:29:07.613914,0.884,70,3,116.28,1.6
9,2024-11-28T04:29:12.630000,0.548,50,2,198.66,2.2
1,2024-11-28T04:29:17.643905,0.836,87,3,148.46,2.6
10,2024-11-28T04:29:22.660893,0.65,56,4,107.57,1.6
8,2024-11-28T04:29:27.674082,0.563,50,1,178.35,4.5
6,2024-11-28T04:29:32.685484,0.749,70,3,120.78,2.1
2,2024-11-28T04:29:37.703900,0.557,45,2,107.81,1.5
4,2024-11-28T04:29:42.720552,0.598,62,3,87.48,3.2
5,2024-11-28T04:29:47.773920,0.756,75,3,125.38,3.2
9,2024-11-28T04:29:52.790592,0.645,57,3,118.37,4.2
10,2024-11-28T04:29:57.803907,0.907,86,3,166.22,1.6
3,2024-11-28T04:30:02.853919,0.602,53,3,168.77,2.0
2,2024-11-28T04:30:07.873921,0.722,67,2,184.78,2.9
9,2024-11-28T04:30:12.889218,0.827,77,5,181.22,4.1
5,2024-11-28T04:30:17.904367,0.802,74,4,144.87,2.0
1,2024-11-28T04:30:22.917210,0.925,105,4,165.43,3.6
