occupancy_rate,bookings,cancellations,revenue_per_room,average_stay_length,hour
0.624,52,2,194.79,4.4,19.0
0.75,85,3,150.5,2.5,2.0
0.516,53,3,143.01,4.3,3.0
0.607,53,3,102.78,2.9,5.0
0.859,71,5,145.54,3.3,12.0
0.604,52,2,86.58,2.1,5.0
0.53,43,2,127.84,3.4,3.0
0.79,73,4,82.99,2.4,9.0
0.865,102,6,191.39,2.9,1.0
0.555,49,3,175.73,2.1,22.0
0.898,97,6,154.53,3.5,6.0
0.505,42,1,164.57,2.0,3.0
0.675,77,5,143.97,1.8,4.0
0.651,53,1,141.14,1.7,13.0
0.597,53,4,172.3,3.6,9.0
0.549,50,2,183.81,2.0,20.0
0.952,105,3,158.15,4.3,23.0
0.675,77,5,157.05,3.3,10.0
0.66,63,3,136.24,3.1,16.0
0.798,90,6,182.61,2.6,4.0
0.593,69,3,154.74,4.1,10.0
0.564,48,1,131.95,1.9,20.0
0.757,73,2,113.08,3.0,8.0
0.686,70,5,102.71,2.1,23.0
0.778,68,5,83.17,3.7,1.0
0.655,68,4,87.37,1.9,23.0
0.517,48,3,92.75,2.4,22.0
0.588,57,3,152.73,4.4,21.0
0.683,63,3,159.76,3.4,9.0
0.656,74,5,117.69,3.2,14.0
0.627,68,3,156.99,1.7,1.0
0.562,50,3,154.46,2.9,12.0
0.942,82,4,195.03,2.1,21.0
0.525,45,2,85.14,2.2,14.0
0.869,76,5,186.78,3.2,8.0
0.819,79,6,94.88,2.0,18.0
0.624,51,2,183.22,4.3,16.0
0.675,73,5,118.41,1.9,16.0
0.796,68,4,199.29,1.7,21.0
0.831,85,6,166.14,3.5,4.0
0.932,84,5,132.27,2.8,17.0
0.605,64,3,128.48,4.1,19.0
0.543,58,3,95.58,3.7,8.0
0.569,47,1,187.38,4.0,14.0
0.695,57,2,94.17,3.7,9.0
0.708,74,4,147.9,3.5,6.0
0.96,79,4,86.08,4.1,3.0
0.58,63,3,191.06,2.4,7.0
0.558,56,4,195.61,3.5,8.0
0.856,93,7,152.05,3.8,11.0
0.692,79,3,154.5,4.0,5.0
0.798,71,5,189.5,2.6,17.0
0.84,67,5,122.82,3.8,10.0
0.789,75,3,99.85,3.3,7.0
0.817,87,3,188.55,3.8,21.0
0.812,86,4,135.06,4.2,13.0
0.723,72,4,87.34,2.9,1.0
0.661,73,2,166.38,1.5,6.0
0.841,82,6,197.67,1.8,15.0
0.63,67,5,172.24,3.5,6.0
0.626,62,3,193.08,2.7,2.0
0.581,66,3,157.78,4.2,10.0
0.725,59,1,85.18,3.3,12.0
0.712,64,5,133.19,2.1,6.0
0.828,76,5,127.66,3.4,0.0
0.864,96,3,148.23,2.3,16.0
0.894,81,4,93.22,1.6,3.0
0.646,52,2,82.04,2.1,13.0
0.737,80,6,164.62,3.6,21.0
0.634,54,1,162.84,4.4,11.0
0.845,86,5,187.11,1.8,6.0
0.578,48,2,150.09,3.6,4.0
0.538,46,2,186.35,2.0,21.0
0.63,57,4,124.37,1.9,12.0
0.841,70,3,96.84,2.9,9.0
0.845,78,2,81.13,3.5,7.0
0.607,70,5,95.98,1.8,6.0
0.826,97,4,126.28,2.0,10.0
0.764,82,4,142.02,2.3,3.0
0.856,98,3,185.25,2.3,0.0
0.55,58,2,103.18,4.1,21.0
0.822,93,5,87.48,2.5,20.0
0.487,47,2,198.85,1.7,13.0
0.92,109,4,154.54,3.3,22.0
0.783,66,3,195.21,1.8,19.0
0.797,88,2,110.94,3.4,1.0
0.492,44,3,192.28,3.1,12.0
0.796,65,2,173.18,4.1,6.0
0.491,46,2,162.14,3.8,0.0
0.905,89,3,120.76,3.6,4.0
0.656,71,5,175.31,3.5,10.0
0.51,41,2,81.5,3.2,23.0
0.783,62,4,176.28,3.2,17.0
0.856,88,6,168.03,2.1,23.0
0.635,70,4,143.54,3.0,10.0
0.612,62,3,103.93,2.5,6.0
0.587,52,2,148.56,2.7,19.0
0.505,42,2,139.17,2.3,4.0
0.484,43,1,107.65,2.8,12.0
0.533,44,1,190.19,3.3,10.0
0.58,60,2,102.6,3.8,19.0
0.687,80,5,177.11,3.2,10.0
0.545,50,1,140.29,4.1,5.0
0.619,57,4,112.97,3.5,19.0
0.833,78,2,85.75,3.9,4.0
0.777,92,4,87.2,2.3,23.0
0.553,45,2,98.06,3.0,5.0
0.551,63,4,143.92,3.6,14.0
0.506,43,2,157.96,2.7,10.0
0.703,73,4,109.06,1.6,4.0
0.651,67,4,171.43,2.8,2.0
0.72,79,4,114.23,2.3,19.0
0.782,83,4,101.86,4.2,4.0
0.876,74,2,131.2,3.6,8.0
0.627,68,2,136.5,2.5,8.0
0.539,64,4,131.17,4.2,2.0
0.558,58,2,156.17,3.5,15.0
0.866,82,3,84.82,2.6,22.0
0.725,76,4,186.67,1.8,3.0
0.798,70,2,182.19,4.1,3.0
0.8,95,6,143.66,3.5,17.0
0.719,78,3,100.27,2.7,21.0
0.622,67,3,190.58,3.3,8.0
0.557,63,3,119.84,3.2,14.0
0.566,46,2,137.87,4.4,12.0
0.648,69,4,104.57,2.7,15.0
0.758,62,2,159.97,4.2,9.0
0.685,66,2,130.13,2.6,21.0
0.569,50,3,144.01,3.1,16.0
0.893,99,6,168.58,2.6,22.0
0.748,81,3,120.67,2.3,8.0
0.559,55,3,130.1,3.4,7.0
0.62,53,2,178.98,1.8,22.0
0.787,87,5,158.17,2.6,21.0
0.837,95,6,88.4,3.7,4.0
0.767,89,5,144.53,2.4,6.0
0.929,109,6,188.53,1.5,5.0
0.58,59,1,184.49,3.3,21.0
0.857,82,2,193.98,2.4,11.0
0.564,66,2,182.46,2.4,5.0
0.748,82,5,156.5,2.9,13.0
0.488,52,2,115.27,3.6,12.0
0.785,73,3,128.94,3.2,12.0
0.679,55,2,175.55,3.6,13.0
0.657,72,4,147.59,3.4,9.0
0.903,80,5,189.94,2.0,22.0
0.781,91,6,170.64,3.4,23.0
0.784,71,3,126.74,2.5,16.0
0.616,70,5,183.09,2.4,8.0
0.763,77,5,110.52,2.2,0.0
0.772,83,4,92.27,2.8,18.0
0.722,83,4,91.34,2.3,22.0
0.752,60,3,101.14,3.8,16.0
0.553,57,3,165.76,3.8,13.0
0.804,66,3,169.61,4.1,12.0
0.712,72,4,89.41,2.8,12.0
0.613,60,2,100.39,2.7,13.0
0.57,52,2,101.28,4.3,23.0
0.487,40,3,141.94,2.0,2.0
0.905,93,3,120.3,3.7,1.0
0.541,62,2,80.05,3.5,10.0
0.671,63,3,177.59,4.0,7.0
0.759,61,2,182.81,2.3,8.0
0.532,56,3,128.68,4.4,5.0
0.831,71,3,191.73,3.7,18.0
0.83,71,2,127.78,3.9,3.0
0.787,82,2,180.95,2.7,14.0
0.834,86,3,186.07,2.0,10.0
0.856,79,5,131.22,4.0,13.0
0.512,41,2,113.13,3.7,7.0
0.789,82,6,134.39,1.5,7.0
0.606,61,3,135.6,4.1,5.0
0.586,56,3,103.25,2.3,11.0
0.694,78,3,165.75,2.3,8.0
0.701,71,5,141.27,3.0,8.0
0.893,102,4,181.25,2.4,16.0
0.536,52,2,105.93,4.1,1.0
0.7,63,3,161.79,2.7,14.0
0.628,73,4,130.32,2.1,18.0
0.595,58,4,87.79,3.6,7.0
0.54,44,2,142.51,2.4,16.0
0.848,74,5,81.91,3.7,21.0
0.915,98,7,184.51,3.9,7.0
0.801,73,4,175.87,2.3,15.0
0.548,46,3,154.75,4.2,10.0
0.586,68,4,125.52,1.6,19.0
0.581,55,2,128.02,4.4,8.0
0.816,74,4,136.21,4.1,7.0
0.919,84,4,146.42,1.6,3.0
0.806,66,2,138.0,3.1,18.0
0.952,76,3,94.28,2.2,18.0
0.55,44,1,116.15,3.5,14.0
0.907,86,6,89.11,2.8,13.0
0.76,62,3,115.5,3.3,10.0
0.575,63,3,105.07,2.7,10.0
0.822,98,4,107.8,1.6,21.0
0.727,66,3,115.85,1.7,12.0
0.749,67,3,160.07,4.4,12.0
0.64,57,2,192.43,2.7,1.0
0.77,86,6,176.35,2.3,5.0
0.707,68,2,131.54,4.0,16.0
0.588,55,3,86.93,2.9,13.0
0.514,53,1,80.56,3.1,23.0
0.545,49,1,99.79,3.2,3.0
0.774,79,6,165.26,4.1,3.0
0.857,77,4,174.46,2.2,18.0
0.859,98,5,190.64,3.8,16.0
0.616,58,3,109.96,2.8,18.0
0.687,60,2,131.53,3.5,15.0
0.672,76,5,181.2,3.8,8.0
0.56,65,4,117.52,4.1,8.0
0.495,42,1,169.07,4.2,20.0
0.769,88,6,138.33,3.3,11.0
0.9,81,5,147.01,2.6,18.0
0.633,60,2,127.73,1.5,3.0
0.594,65,4,178.13,1.7,3.0
0.808,94,3,125.5,2.4,17.0
0.791,85,6,194.03,2.5,12.0
0.81,95,4,146.8,2.9,14.0
0.541,53,2,107.27,3.9,7.0
0.723,71,3,106.48,4.4,6.0
0.806,72,3,121.18,1.8,3.0
0.806,88,5,120.99,2.6,2.0
0.701,61,4,152.72,4.3,19.0
0.831,70,3,179.19,3.4,21.0
0.933,99,5,170.82,4.4,2.0
0.596,50,3,152.6,4.0,6.0
0.57,54,3,115.29,1.7,17.0
0.934,82,2,145.35,2.3,6.0
0.621,54,4,155.77,4.2,0.0
0.57,56,2,141.86,1.7,22.0
0.716,63,3,178.05,3.7,3.0
0.634,54,2,92.78,3.9,23.0
0.531,62,3,119.17,3.1,15.0
0.559,56,3,135.89,3.3,21.0
0.923,84,3,198.31,1.6,21.0
0.531,50,2,153.89,3.3,19.0
0.692,61,2,133.55,3.1,15.0
0.935,105,8,183.8,4.0,18.0
0.707,72,3,168.14,3.4,9.0
0.583,48,3,115.68,3.0,13.0
0.495,44,2,115.63,4.3,0.0
0.521,53,4,100.42,2.4,22.0
0.839,83,2,125.17,3.5,10.0
0.713,67,3,101.31,3.0,21.0
0.769,87,3,120.11,3.7,16.0
0.582,50,1,126.83,3.7,16.0
0.657,56,3,188.11,2.3,11.0
0.5,42,2,92.32,2.4,6.0
0.605,51,3,141.31,3.9,19.0
0.814,86,6,135.84,3.5,2.0
0.796,79,4,97.37,2.1,22.0
0.761,70,3,185.67,1.6,0.0
0.715,83,5,164.73,3.7,8.0
0.774,87,3,121.72,3.7,1.0
0.64,59,4,145.82,1.7,1.0
0.824,89,5,188.44,1.6,2.0
0.885,80,5,143.15,4.3,0.0
0.622,57,1,137.1,4.1,10.0
0.659,55,2,182.43,2.5,21.0
0.649,58,3,114.04,2.2,8.0
0.592,61,4,132.55,1.7,3.0
0.72,80,6,105.93,3.0,23.0
0.885,86,6,112.25,1.6,15.0
0.494,40,2,172.31,2.0,20.0
0.796,76,2,108.9,3.3,6.0
0.763,68,3,172.73,1.5,4.0
0.515,42,2,190.79,1.6,8.0
0.702,79,3,177.96,2.2,0.0
0.563,54,2,116.72,3.5,21.0
0.647,64,4,190.06,1.7,6.0
0.849,101,6,143.79,3.9,22.0
0.698,77,3,117.52,3.6,1.0
0.755,85,5,160.14,2.2,7.0
0.515,44,3,131.61,2.9,4.0
0.554,58,4,159.82,4.2,6.0
0.798,73,4,97.16,2.8,19.0
0.903,100,5,115.14,1.9,5.0
0.67,66,4,94.17,4.1,20.0
0.727,75,3,138.24,3.4,17.0
0.578,59,2,88.09,3.3,11.0
0.557,56,2,98.33,2.5,12.0
0.737,82,3,199.24,2.3,4.0
0.683,80,5,147.2,4.2,12.0
0.666,63,3,146.15,3.1,10.0
0.686,60,3,137.08,3.6,17.0
0.516,42,1,113.25,1.9,0.0
0.942,87,5,112.56,1.8,23.0
0.852,97,6,145.39,4.3,15.0
0.544,47,3,143.58,1.7,5.0
0.57,46,2,147.02,2.2,2.0
0.811,71,4,123.89,4.2,22.0
0.493,44,3,128.09,3.5,19.0
0.812,74,4,180.99,3.7,7.0
0.807,91,5,186.96,2.9,14.0
0.872,101,5,174.54,3.7,3.0
0.9,80,3,132.8,2.5,16.0
0.895,78,5,143.18,1.9,22.0
0.577,48,1,131.19,3.3,22.0
0.731,59,3,170.9,4.0,21.0
0.727,68,2,156.65,3.4,11.0
0.799,86,6,192.05,2.4,10.0
0.558,57,4,169.25,3.8,9.0
0.612,59,2,126.65,1.6,16.0
0.54,53,3,144.1,2.9,13.0
0.778,80,6,85.83,3.0,5.0
0.684,75,5,99.33,2.9,23.0
0.587,56,2,93.0,2.4,5.0
0.653,59,3,146.26,2.8,22.0
0.811,89,6,122.03,2.5,5.0
0.827,94,5,114.67,2.3,7.0
0.568,64,4,113.92,1.6,10.0
0.618,57,3,163.27,2.8,14.0
0.531,58,4,139.72,4.3,0.0
0.612,52,1,183.66,4.1,8.0
0.695,68,3,190.51,4.4,23.0
0.598,53,1,98.3,4.1,20.0
0.675,66,3,86.73,4.3,19.0
0.562,59,3,129.36,2.4,19.0
0.629,56,2,164.84,1.6,22.0
0.578,54,3,184.08,3.5,1.0
0.507,41,2,160.63,2.9,16.0
0.857,79,5,153.03,3.3,12.0
0.78,82,4,190.77,2.3,5.0
0.603,56,1,148.85,3.2,23.0
0.546,57,4,86.5,3.7,20.0
0.592,63,3,115.6,3.1,20.0
0.483,52,2,87.61,1.9,13.0
0.813,65,3,137.1,2.3,9.0
0.658,57,4,160.41,4.3,7.0
0.821,77,5,199.2,2.4,16.0
0.789,70,2,181.1,1.9,9.0
0.739,73,3,133.13,3.8,14.0
0.524,60,4,104.85,2.9,4.0
0.53,61,4,191.75,3.3,0.0
0.857,73,4,154.23,2.5,2.0
0.642,73,4,102.93,2.8,19.0
0.798,64,4,147.37,4.0,14.0
0.791,74,4,114.14,3.0,22.0
0.612,55,4,92.04,2.9,23.0
0.547,61,3,116.85,4.2,19.0
0.801,90,6,90.12,4.2,18.0
0.717,69,4,162.15,1.8,2.0
0.583,53,3,107.13,4.1,3.0
0.805,78,3,199.3,2.6,4.0
0.841,78,2,126.94,3.9,15.0
0.483,56,2,116.18,4.4,11.0
0.835,86,5,173.76,4.5,15.0
0.524,48,3,85.57,4.5,10.0
0.822,79,2,166.96,3.3,8.0
0.535,50,2,111.98,3.6,1.0
0.804,82,5,173.77,2.3,15.0
0.899,101,7,182.9,4.0,20.0
0.809,80,4,92.9,3.9,23.0
0.667,79,5,89.98,3.9,9.0
0.487,42,2,179.48,1.9,9.0
0.65,55,3,192.73,1.7,16.0
0.703,72,2,80.53,2.4,8.0
0.622,54,2,190.05,3.0,3.0
0.918,99,5,82.91,4.0,17.0
0.935,80,4,162.37,3.9,8.0
0.587,59,4,122.36,4.4,4.0
0.552,65,3,94.53,2.1,7.0
0.901,84,2,146.89,4.0,14.0
0.735,79,3,173.93,4.1,14.0
0.555,59,1,137.46,3.3,0.0
0.581,49,2,196.58,4.3,17.0
0.729,84,4,94.3,4.5,23.0
0.717,83,4,147.0,1.6,20.0
0.671,79,3,109.44,3.3,20.0
0.8,90,5,145.31,3.2,16.0
0.805,86,5,169.54,1.8,21.0
0.808,76,5,174.7,3.1,23.0
0.832,95,4,118.33,2.1,14.0
0.768,67,4,104.49,4.1,21.0
0.723,86,3,94.32,4.0,7.0
0.839,92,5,151.1,3.1,14.0
0.557,50,1,142.45,3.9,21.0
0.655,60,2,156.92,4.2,2.0
0.599,71,5,181.83,1.8,15.0
0.752,90,5,127.0,2.1,20.0
0.769,89,6,153.29,4.4,4.0
0.797,69,5,161.82,3.4,16.0
0.731,80,2,166.81,1.7,23.0
0.678,62,4,131.67,3.4,9.0
0.663,71,4,164.36,2.0,16.0
0.645,65,3,107.5,1.5,4.0
0.675,67,3,115.6,2.8,21.0
0.88,72,2,141.12,3.2,5.0
0.956,88,6,153.37,3.2,5.0
0.699,75,2,196.9,4.0,15.0
0.599,49,1,120.93,3.6,17.0
0.548,60,4,104.71,3.6,13.0
0.932,104,6,105.12,3.2,2.0
0.775,75,4,187.24,3.8,17.0
0.564,62,4,104.44,2.5,16.0
0.675,74,5,86.35,1.7,13.0
0.939,97,4,114.47,2.1,7.0
0.53,46,1,150.04,2.0,9.0
0.942,92,3,116.45,3.1,11.0
0.752,87,4,187.5,3.8,11.0
0.763,87,4,137.15,2.8,20.0
0.927,108,7,150.62,4.4,2.0
0.545,50,3,170.73,2.6,7.0
0.849,77,3,143.26,2.5,11.0
0.516,55,1,135.72,1.6,16.0
0.641,67,2,179.9,3.8,8.0
0.619,66,3,184.62,2.5,4.0
0.634,51,3,176.43,2.9,15.0
0.84,90,3,170.71,3.9,2.0
0.634,51,2,108.07,4.4,8.0
0.601,53,2,166.52,1.6,14.0
0.716,61,3,105.12,3.5,15.0
0.669,60,1,189.76,3.1,7.0
0.678,74,3,165.11,3.1,20.0
0.724,67,2,188.48,3.2,13.0
0.517,44,1,121.91,1.7,8.0
0.82,97,3,107.51,3.5,9.0
0.796,86,6,145.51,2.1,12.0
0.891,106,7,142.54,1.7,18.0
0.534,58,4,142.91,4.4,16.0
0.553,55,2,81.95,4.2,21.0
0.662,68,2,192.6,1.7,6.0
0.928,79,4,191.81,3.4,4.0
0.586,62,2,122.57,4.3,7.0
0.699,60,2,134.36,4.5,4.0
0.866,93,5,188.68,4.5,18.0
0.665,61,3,81.86,2.1,10.0
0.546,55,3,110.44,1.8,9.0
0.637,74,5,126.88,1.8,19.0
0.576,60,4,183.62,1.9,10.0
0.495,43,2,143.59,3.6,15.0
0.658,57,3,85.42,3.1,10.0
0.646,56,4,174.46,3.2,23.0
0.752,75,2,107.06,2.8,6.0
0.823,80,5,109.57,4.2,15.0
0.88,77,5,198.71,2.2,7.0
0.917,105,5,174.53,3.5,17.0
0.925,78,3,135.4,1.6,18.0
0.833,70,2,191.05,3.3,20.0
0.533,61,1,131.23,1.6,7.0
0.544,43,1,81.34,2.5,21.0
0.654,74,4,90.53,3.1,19.0
0.643,53,2,95.9,1.6,7.0
0.539,53,2,105.92,3.2,13.0
0.807,65,4,121.78,3.0,5.0
0.518,54,1,98.63,4.0,2.0
0.855,82,4,148.96,2.3,5.0
0.832,91,6,118.25,3.9,9.0
0.686,67,2,168.43,3.4,4.0
0.76,89,5,150.75,4.0,18.0
0.793,81,6,175.59,1.9,21.0
0.785,81,5,104.5,1.9,6.0
0.629,73,2,89.28,2.4,17.0
0.565,48,1,94.01,3.0,3.0
0.529,59,2,197.94,4.1,7.0
0.853,94,3,110.45,4.1,12.0
0.752,78,4,197.52,1.7,20.0
0.67,79,4,182.28,2.0,18.0
0.586,50,2,176.71,3.9,5.0
0.515,48,2,83.0,3.4,3.0
0.844,83,4,182.0,3.4,3.0
0.641,52,3,111.58,3.9,20.0
0.557,63,3,117.42,2.8,6.0
0.543,58,3,146.39,2.7,20.0
0.789,63,4,135.33,3.1,20.0
0.719,69,2,121.61,3.3,3.0
0.773,76,5,89.26,4.4,22.0
0.662,65,4,197.66,3.7,17.0
0.618,68,2,134.25,3.0,18.0
0.679,58,1,197.58,1.8,14.0
0.776,66,3,128.86,1.8,16.0
0.695,80,4,96.68,3.6,14.0
0.919,104,5,179.67,3.1,5.0
0.546,53,3,117.49,2.0,9.0
0.88,76,3,146.46,2.8,14.0
0.742,88,6,168.53,3.3,16.0
0.677,66,4,134.74,3.5,14.0
0.658,63,4,110.52,3.5,6.0
0.681,76,5,157.75,4.2,17.0
0.503,54,2,132.39,1.7,10.0
0.611,65,2,142.02,3.1,9.0
0.609,71,4,134.97,2.7,7.0
0.508,44,3,101.99,3.8,2.0
0.882,105,5,177.35,4.1,7.0
0.976,116,7,107.38,1.8,5.0
0.836,72,3,193.43,3.4,6.0
0.589,54,4,91.88,2.4,6.0
0.802,81,6,166.66,3.7,10.0
0.798,95,5,150.9,2.2,18.0
0.929,80,6,124.13,4.5,3.0
0.484,43,2,104.37,1.6,4.0
0.644,54,2,87.49,4.1,23.0
0.892,73,2,115.21,4.2,10.0
0.653,61,4,102.16,3.5,16.0
0.538,63,3,96.06,4.2,13.0
0.893,99,3,124.31,4.2,15.0
0.64,55,3,125.27,3.5,15.0
0.763,66,5,188.65,1.6,4.0
0.708,73,4,129.5,4.4,16.0
0.704,61,3,117.01,2.6,9.0
0.799,79,2,173.88,3.3,19.0
0.515,58,3,99.9,1.7,20.0
0.516,51,3,124.14,3.1,21.0
0.702,56,3,163.89,2.3,12.0
0.737,76,2,142.87,2.8,17.0
0.929,110,7,87.53,3.7,22.0
0.747,63,4,159.92,2.3,19.0
0.771,72,3,81.01,3.8,8.0
0.688,61,4,102.5,2.7,5.0
0.558,61,4,122.52,2.3,8.0
0.536,62,3,158.13,4.3,15.0
0.666,56,3,145.28,2.4,1.0
0.543,46,3,123.32,2.9,23.0
0.746,82,6,136.97,4.4,10.0
0.585,52,3,136.53,1.8,3.0
0.827,92,5,189.41,2.6,16.0
0.878,92,4,169.65,3.1,16.0
0.522,62,4,118.38,1.8,22.0
0.756,72,4,163.84,3.1,22.0
0.794,87,4,84.48,4.5,22.0
0.864,74,3,196.82,3.6,17.0
0.792,73,3,82.67,4.0,12.0
0.512,44,1,152.53,2.3,2.0
0.624,53,3,121.64,3.9,8.0
0.59,53,3,123.87,4.2,5.0
0.856,98,5,183.22,4.0,8.0
0.78,83,4,127.29,3.5,5.0
0.816,76,2,196.99,1.9,14.0
0.656,72,4,158.91,3.8,22.0
0.831,89,3,156.39,4.0,21.0
0.739,84,3,117.07,4.4,19.0
0.681,57,2,150.77,3.4,22.0
0.598,65,4,84.45,2.9,5.0
0.571,60,3,119.5,3.7,4.0
0.629,51,2,120.76,1.8,19.0
0.875,104,6,98.59,1.7,3.0
0.753,89,3,113.64,3.5,4.0
0.625,61,1,195.52,2.6,3.0
0.53,52,3,110.72,2.2,19.0
0.788,68,3,151.01,3.3,2.0
0.835,95,3,128.24,1.7,15.0
0.697,76,3,84.46,3.4,11.0
0.668,72,4,100.28,3.2,22.0
0.804,80,5,140.17,4.2,9.0
0.582,67,2,102.51,2.6,5.0
0.52,54,4,88.2,1.5,6.0
0.481,56,3,156.51,3.6,8.0
0.556,47,2,118.66,3.6,17.0
0.614,63,2,112.14,4.2,22.0
0.619,53,1,97.02,3.8,8.0
0.736,60,4,141.43,4.5,12.0
0.795,71,4,120.43,4.1,7.0
0.525,52,2,199.62,2.5,15.0
0.571,51,2,193.54,3.1,20.0
0.643,69,2,144.43,2.6,15.0
0.719,78,5,147.32,1.9,18.0
0.984,86,5,173.4,1.8,5.0
0.947,92,4,85.63,2.5,12.0
0.563,58,2,107.12,2.3,11.0
0.78,78,3,132.81,3.7,4.0
0.648,70,3,189.43,2.6,8.0
0.814,79,5,120.39,4.2,11.0
0.722,75,4,153.18,3.3,8.0
0.697,76,3,199.21,4.3,4.0
0.677,73,3,148.01,3.0,16.0
0.788,78,5,131.62,4.5,1.0
0.763,78,5,162.81,3.4,9.0
0.711,72,5,100.98,1.9,4.0
0.911,85,4,82.5,2.7,5.0
0.895,99,5,160.47,3.3,3.0
0.68,61,3,117.67,1.6,16.0
0.499,59,3,115.13,3.1,4.0
0.519,56,2,175.15,4.2,9.0
0.725,84,3,129.41,3.8,14.0
0.583,63,2,84.62,4.1,1.0
0.641,67,4,146.89,3.6,23.0
0.868,96,6,125.37,2.8,3.0
0.505,52,2,191.34,1.6,4.0
0.5,57,1,88.17,2.2,6.0
0.859,75,4,167.74,2.0,10.0
0.746,73,2,196.13,1.8,14.0
0.534,49,2,187.04,3.4,5.0
0.82,81,2,111.73,2.2,0.0
0.756,89,3,94.51,2.8,10.0
0.696,59,2,85.78,3.0,20.0
0.567,49,1,183.48,3.5,13.0
0.679,75,5,81.39,3.8,9.0
0.503,40,1,95.49,3.5,5.0
0.973,111,6,185.33,2.4,13.0
0.636,70,4,170.67,1.8,2.0
0.77,71,4,113.1,3.4,16.0
0.516,52,1,91.44,1.7,18.0
0.508,40,2,136.64,3.8,15.0
0.626,72,3,198.07,3.3,7.0
0.774,75,5,131.34,4.1,13.0
0.848,90,5,131.59,1.8,21.0
0.638,75,2,143.98,2.5,19.0
0.583,63,4,127.75,2.7,1.0
0.816,72,2,171.27,1.8,12.0
0.841,81,3,160.84,2.0,7.0
0.713,66,4,169.43,3.9,4.0
0.835,85,5,172.21,2.7,14.0
0.849,94,6,89.29,4.2,7.0
0.709,64,2,111.93,4.2,12.0
0.573,46,3,135.94,2.4,1.0
0.611,65,2,161.76,2.1,4.0
0.603,63,3,100.63,3.2,11.0
0.691,75,4,149.0,2.7,10.0
0.681,60,3,110.86,2.8,0.0
0.681,64,3,153.85,3.6,13.0
0.823,95,6,112.87,2.6,7.0
0.487,41,3,199.19,3.6,21.0
0.79,94,4,143.9,2.9,15.0
0.828,89,6,104.87,4.4,16.0
0.623,55,1,195.51,2.9,19.0
0.775,92,3,197.03,4.0,12.0
0.675,61,3,123.56,2.0,20.0
0.857,88,5,97.51,3.6,11.0
0.644,62,3,163.11,2.3,19.0
0.803,76,4,177.89,2.3,2.0
0.901,89,5,177.55,1.7,4.0
0.711,80,3,160.92,3.6,11.0
0.57,56,3,138.65,2.2,0.0
0.594,51,3,192.11,4.4,10.0
0.712,74,3,133.71,1.8,1.0
0.928,108,7,172.4,1.6,0.0
0.566,60,3,171.29,1.7,6.0
0.818,73,3,185.2,3.1,18.0
0.55,65,1,190.54,3.4,18.0
0.645,58,3,196.47,4.2,0.0
0.928,104,6,161.4,2.3,6.0
0.688,72,4,99.85,4.3,8.0
0.761,77,5,131.45,4.2,6.0
0.533,54,3,196.26,3.2,11.0
0.723,60,4,91.74,2.3,19.0
0.876,97,4,173.25,3.9,11.0
0.866,74,3,117.26,4.0,2.0
0.589,49,3,168.47,1.6,11.0
0.65,57,2,188.45,4.1,1.0
0.539,43,1,174.09,3.5,5.0
0.698,60,2,82.1,3.3,13.0
0.832,77,3,152.79,3.3,5.0
0.486,55,3,173.8,2.1,21.0
0.803,75,5,133.52,3.3,22.0
0.786,74,4,182.48,2.1,21.0
0.731,71,5,175.42,3.3,20.0
0.832,89,3,90.38,2.7,14.0
0.76,73,2,145.6,3.3,10.0
0.51,41,2,172.15,1.6,4.0
0.738,71,3,123.93,4.0,11.0
0.858,95,5,141.78,4.1,7.0
0.772,91,6,117.24,2.0,15.0
0.695,76,3,102.42,2.4,5.0
0.753,61,3,185.95,4.2,20.0
0.48,39,3,91.78,3.0,3.0
0.605,58,2,141.21,1.6,2.0
0.667,63,4,140.48,3.1,10.0
0.534,50,1,147.55,3.4,16.0
0.644,65,4,182.39,1.5,12.0
0.656,60,1,154.77,2.8,4.0
0.895,79,5,198.89,1.6,12.0
0.556,62,2,144.19,2.7,6.0
0.488,41,2,119.49,3.0,22.0
0.552,50,3,185.54,3.2,2.0
0.682,64,4,117.72,1.7,3.0
0.823,82,2,158.11,2.6,13.0
0.728,77,2,185.64,2.7,23.0
0.745,65,4,198.8,3.5,18.0
0.646,75,3,183.86,1.9,13.0
0.578,50,2,82.16,3.1,17.0
0.487,43,3,180.3,1.8,13.0
0.798,89,5,110.96,1.7,23.0
0.496,39,2,153.67,1.5,20.0
0.54,61,2,184.92,2.7,5.0
0.728,77,2,182.93,4.2,15.0
0.682,66,2,184.75,2.4,18.0
0.553,51,3,93.25,3.4,6.0
0.783,91,4,140.41,4.3,22.0
0.66,70,5,112.45,4.1,6.0
0.683,60,3,194.46,4.1,7.0
0.857,101,7,99.91,2.8,7.0
0.51,40,1,82.31,3.5,16.0
0.831,74,3,125.44,2.6,0.0
0.737,87,2,117.46,1.5,16.0
0.668,58,4,153.97,3.2,10.0
0.648,72,3,199.01,4.0,19.0
0.626,60,1,144.47,3.9,19.0
0.746,81,3,135.72,3.8,3.0
0.875,85,3,162.37,1.5,19.0
0.656,70,4,97.94,2.4,4.0
0.875,77,5,161.81,2.8,23.0
0.575,51,3,170.0,3.6,13.0
0.862,82,6,130.1,3.3,23.0
0.602,69,4,109.27,3.9,7.0
0.845,70,2,164.05,1.6,3.0
0.731,84,2,121.96,1.8,19.0
0.593,56,3,163.53,2.6,13.0
0.572,65,3,123.85,1.9,3.0
0.914,82,5,83.85,2.2,16.0
0.823,68,2,117.44,2.6,16.0
0.488,54,3,111.75,2.8,20.0
0.869,94,5,82.6,4.3,10.0
0.573,57,2,91.23,4.4,21.0
0.538,44,2,94.43,1.8,19.0
0.711,68,4,156.96,2.5,1.0
0.785,92,6,199.2,2.0,4.0
0.579,47,2,102.19,4.5,10.0
0.587,52,2,110.87,3.2,15.0
0.936,104,6,98.16,3.3,14.0
0.739,73,4,105.95,1.5,20.0
0.475,47,1,178.61,1.7,2.0
0.553,57,1,137.06,3.7,22.0
0.73,84,3,130.18,3.4,12.0
0.74,63,3,120.01,2.9,0.0
0.886,98,6,123.57,2.6,14.0
0.605,60,2,175.54,2.4,2.0
0.627,63,2,103.42,1.8,9.0
0.714,70,4,191.23,3.1,20.0
0.553,48,2,192.89,3.3,20.0
0.499,56,4,106.7,3.0,5.0
0.893,91,4,93.82,1.9,7.0
0.662,55,3,96.07,3.9,17.0
0.721,83,6,112.79,3.0,23.0
0.627,50,1,139.44,3.1,12.0
0.657,53,4,109.82,2.8,18.0
0.783,80,3,192.89,2.2,14.0
0.824,87,6,127.04,2.0,22.0
0.706,66,5,153.18,4.1,18.0
0.645,55,3,154.76,2.0,10.0
0.572,50,2,198.85,2.6,6.0
0.974,111,4,101.01,2.5,19.0
0.816,91,4,185.99,3.9,15.0
0.73,85,5,187.76,1.9,2.0
0.613,54,2,112.9,1.6,11.0
0.704,60,3,174.5,3.7,8.0
0.876,96,7,98.56,3.5,9.0
0.866,69,5,143.79,3.0,2.0
0.721,79,3,89.32,2.3,23.0
0.664,63,2,175.16,2.0,16.0
0.636,62,4,158.4,4.3,4.0
0.72,59,4,115.28,2.1,2.0
0.792,91,4,108.47,1.9,5.0
0.558,50,2,146.55,3.2,15.0
0.814,65,2,177.85,2.4,23.0
0.772,64,3,84.11,3.2,19.0
0.51,46,1,170.27,3.2,6.0
0.556,62,4,80.43,4.1,2.0
0.72,68,2,125.82,4.3,2.0
0.914,74,3,134.77,1.8,11.0
0.543,49,2,122.96,1.9,14.0
0.75,72,5,163.33,3.8,0.0
0.785,87,6,112.92,2.7,15.0
0.526,57,3,178.97,1.7,2.0
0.611,50,1,189.69,3.7,13.0
0.719,64,4,145.76,4.1,2.0
0.923,79,3,97.38,2.8,5.0
0.536,48,2,152.64,2.8,5.0
0.85,80,4,181.67,2.4,23.0
0.52,53,3,129.32,3.0,21.0
0.703,66,3,152.13,3.4,3.0
0.549,55,2,91.06,3.7,5.0
0.556,62,4,160.06,2.4,19.0
0.704,74,2,106.56,1.6,23.0
0.644,60,3,140.1,1.6,19.0
0.624,73,4,132.84,2.5,1.0
0.7,70,5,116.04,2.3,13.0
0.78,77,4,173.96,3.6,10.0
0.863,94,6,113.95,1.8,13.0
0.637,76,5,187.54,1.6,0.0
0.807,91,7,98.67,3.9,11.0
0.608,54,2,143.58,3.1,1.0
0.938,102,7,152.4,1.8,11.0
0.493,50,1,123.27,3.2,2.0
0.727,64,3,94.85,3.9,3.0
0.816,84,2,106.52,4.2,20.0
0.76,64,4,85.75,2.7,21.0
0.598,61,2,147.68,2.8,23.0
0.716,68,5,142.48,2.8,8.0
0.905,76,4,196.12,2.3,16.0
0.63,74,5,160.61,2.5,19.0
0.723,76,3,126.73,3.2,15.0
0.866,96,5,83.96,4.2,17.0
0.717,67,2,125.72,3.0,11.0
0.781,67,2,162.54,2.7,15.0
0.628,63,3,199.06,1.7,9.0
0.867,72,3,118.63,1.7,10.0
0.656,68,3,189.44,3.1,1.0
0.512,47,3,193.47,1.9,14.0
0.826,95,4,100.61,2.2,13.0
0.7,82,3,161.27,3.1,11.0
0.784,75,4,198.88,3.2,21.0
0.929,110,8,176.41,3.1,20.0
0.596,63,3,92.7,1.6,4.0
0.817,74,2,199.95,2.6,1.0
0.674,69,2,175.89,2.4,14.0
0.716,78,3,173.03,1.5,6.0
0.596,54,3,195.98,1.8,18.0
0.729,62,1,86.1,4.3,14.0
0.732,74,4,95.76,3.2,9.0
0.773,88,3,94.34,3.8,10.0
0.726,61,2,85.87,2.9,4.0
0.513,51,3,82.34,4.1,9.0
0.739,77,4,99.84,4.0,9.0
0.782,64,4,148.77,2.0,22.0
0.484,45,2,147.94,3.0,10.0
0.774,77,5,196.28,4.0,5.0
0.721,76,5,192.85,2.1,15.0
0.902,79,2,132.26,2.6,16.0
0.614,60,3,102.6,3.0,18.0
0.633,71,2,144.12,3.9,3.0
0.566,49,2,187.23,2.8,4.0
0.488,54,2,91.09,3.7,17.0
0.823,84,6,93.2,4.0,8.0
0.842,92,5,140.34,2.1,11.0
0.523,60,3,165.97,2.3,21.0
0.77,91,6,158.41,4.2,18.0
0.515,47,3,115.21,2.0,21.0
0.61,68,3,193.39,4.1,13.0
0.614,56,2,106.06,2.7,16.0
0.727,79,3,192.76,2.1,20.0
0.676,55,3,122.72,2.7,11.0
0.53,48,2,189.99,2.8,14.0
0.845,95,3,107.18,2.5,23.0
0.502,50,2,124.32,4.4,8.0
0.549,59,3,146.01,1.9,8.0
0.903,94,6,158.98,2.0,1.0
0.7,63,2,136.54,4.0,21.0
0.537,45,2,104.82,4.3,7.0
0.869,103,5,199.29,3.6,4.0
0.55,55,3,141.23,2.0,3.0
0.637,62,4,145.29,1.6,18.0
0.55,58,3,126.98,2.7,21.0
0.608,55,3,156.21,2.1,22.0
0.594,47,3,196.32,3.0,5.0
0.552,55,2,167.01,3.8,3.0
0.739,63,3,126.13,2.0,2.0
0.585,68,5,93.95,2.0,4.0
0.56,45,2,182.88,1.5,22.0
0.545,57,4,178.66,3.3,17.0
0.516,52,2,160.52,3.0,12.0
0.768,64,3,198.11,2.6,21.0
0.783,75,3,147.76,3.5,4.0
0.647,66,2,165.75,3.9,23.0
0.542,50,1,97.66,4.5,16.0
0.883,76,4,104.56,3.7,13.0
0.526,62,4,154.16,1.6,5.0
0.598,58,2,164.87,4.1,4.0
0.566,48,2,173.81,3.5,16.0
0.682,71,4,169.33,3.3,6.0
0.664,74,2,96.99,3.7,21.0
0.583,57,3,138.35,2.9,9.0
0.943,76,2,89.09,3.1,5.0
0.81,73,2,185.63,2.3,15.0
0.673,60,4,198.17,4.0,21.0
0.748,65,2,185.43,1.7,11.0
0.571,62,1,107.05,2.5,0.0
0.527,52,2,100.89,4.0,5.0
0.549,65,4,116.98,2.7,21.0
0.739,63,3,179.32,2.6,21.0
0.712,79,5,157.81,2.2,11.0
0.771,92,5,134.68,2.8,2.0
0.58,65,3,164.66,4.1,12.0
0.595,71,4,138.62,3.6,21.0
0.704,76,3,175.44,2.5,23.0
0.733,71,3,165.89,1.8,3.0
0.83,69,2,145.55,1.7,17.0
0.65,53,2,99.31,2.5,12.0
0.957,81,5,175.15,1.6,2.0
0.715,82,6,195.99,1.6,9.0
0.81,82,3,121.28,2.4,14.0
0.701,57,4,99.19,2.8,9.0
0.809,72,4,161.98,3.7,20.0
0.749,82,4,95.36,4.0,20.0
0.651,58,4,110.74,1.7,5.0
0.864,69,4,97.85,3.5,15.0
0.603,71,2,131.04,2.5,0.0
0.778,76,2,195.12,4.1,6.0
0.594,51,2,91.41,4.3,0.0
0.516,53,2,190.73,2.4,23.0
0.723,78,5,129.06,2.2,21.0
0.79,85,3,138.47,3.0,17.0
0.504,53,2,144.59,3.8,18.0
0.861,99,5,80.31,3.1,22.0
0.695,64,2,149.65,3.2,5.0
0.807,73,3,157.44,2.0,16.0
0.633,61,2,150.19,4.2,16.0
0.909,92,7,106.18,1.9,9.0
0.93,109,7,175.09,4.1,11.0
0.712,65,5,171.33,2.4,12.0
0.945,94,6,148.66,3.8,3.0
0.849,70,4,110.16,3.4,5.0
0.559,65,3,80.35,4.1,1.0
0.652,74,2,170.25,2.5,2.0
0.915,100,5,102.43,2.8,3.0
0.826,84,3,131.38,2.1,19.0
0.868,92,4,184.87,3.8,12.0
0.484,49,2,90.71,3.3,11.0
0.702,75,2,175.35,4.3,0.0
0.692,77,2,161.3,3.8,0.0
0.671,70,2,184.42,1.7,10.0
0.535,53,1,180.42,3.7,13.0
0.868,87,5,89.28,4.4,14.0
0.542,49,2,127.35,2.8,21.0
0.816,94,6,143.27,4.0,13.0
0.657,72,2,82.47,3.1,17.0
0.495,41,2,117.63,4.4,21.0
0.837,77,4,106.84,4.1,21.0
0.52,55,4,175.81,2.1,5.0
0.521,54,1,163.01,3.2,6.0
0.569,57,4,149.94,2.9,3.0
0.722,84,3,82.34,3.7,5.0
0.92,75,2,170.41,3.6,2.0
0.636,72,5,164.17,3.1,5.0
0.696,68,4,177.22,1.6,8.0
0.785,83,6,124.69,3.9,13.0
0.907,95,3,182.87,1.7,15.0
0.548,47,2,90.27,4.4,5.0
0.881,79,5,122.35,1.7,2.0
0.609,50,1,139.92,1.7,18.0
0.62,54,3,91.24,2.5,1.0
0.653,76,3,112.0,1.6,17.0
0.645,73,3,178.73,4.0,4.0
0.899,88,4,150.29,2.9,10.0
0.791,66,2,100.73,2.9,17.0
0.741,64,4,119.07,4.5,21.0
0.583,56,1,130.72,2.3,11.0
0.747,62,4,196.72,3.8,13.0
0.695,65,1,136.56,4.2,4.0
0.735,60,2,153.04,2.2,8.0
0.558,59,4,102.82,4.2,15.0
0.63,65,4,108.76,3.6,22.0
0.601,68,3,88.09,2.4,13.0
0.695,80,5,159.01,2.8,6.0
0.608,68,5,149.39,2.3,21.0
0.693,56,2,132.18,3.8,8.0
0.569,51,3,165.92,3.3,11.0
0.692,77,2,92.55,3.4,20.0
0.83,75,5,176.72,2.2,0.0
0.937,107,5,163.15,3.4,14.0
0.545,49,1,122.68,3.4,18.0
0.569,57,1,117.01,2.0,6.0
0.8,79,5,136.6,3.7,1.0
0.641,76,4,112.03,3.4,9.0
0.64,61,2,101.59,2.7,15.0
0.628,61,1,162.5,3.8,5.0
0.528,53,2,99.33,2.3,8.0
0.814,80,2,166.49,3.4,9.0
0.809,86,4,159.72,1.8,21.0
0.795,65,4,116.16,2.8,18.0
0.631,63,3,135.53,2.6,15.0
0.51,40,1,197.27,2.5,7.0
0.797,68,4,183.06,3.1,1.0
0.67,77,3,146.95,2.0,22.0
0.486,48,3,178.16,3.1,0.0
0.634,63,3,138.78,2.1,9.0
0.68,72,4,109.14,2.0,3.0
0.759,87,4,180.09,3.8,11.0
0.623,59,2,178.38,2.4,3.0
0.535,49,1,188.02,3.3,12.0
0.71,65,2,196.02,2.4,20.0
0.847,82,4,159.93,4.5,11.0
0.62,67,3,174.7,4.2,17.0
0.482,42,1,183.57,3.7,3.0
0.52,52,2,103.27,2.1,11.0
0.73,73,2,130.55,4.0,21.0
0.652,72,2,125.04,1.5,23.0
0.789,81,4,137.6,2.0,4.0
0.569,65,2,84.36,3.0,21.0
0.608,67,4,127.61,2.7,7.0
0.593,55,2,190.42,2.9,0.0
0.733,69,5,104.03,2.4,10.0
0.799,82,3,145.22,1.5,21.0
0.961,97,4,146.94,2.1,2.0
0.515,43,2,194.0,1.9,20.0
0.63,59,4,123.16,2.8,12.0
0.765,63,4,190.59,4.5,19.0
0.524,46,2,109.23,3.8,22.0
0.924,77,4,119.31,3.5,22.0
0.95,106,7,153.89,1.6,5.0
0.568,66,4,164.14,3.9,13.0
0.638,62,4,176.23,4.2,2.0
0.672,68,3,143.21,1.8,12.0
0.688,78,3,181.58,1.9,10.0
0.7,72,4,80.92,1.9,4.0
0.592,49,1,160.69,4.3,19.0
0.901,104,4,185.43,1.9,16.0
0.661,77,5,92.33,2.1,15.0
0.611,51,1,187.43,3.3,7.0
0.746,69,4,91.94,4.5,9.0
0.82,75,3,91.71,4.0,20.0
0.615,68,4,137.36,4.2,8.0
0.861,69,5,127.43,3.5,14.0
0.684,57,3,177.77,2.0,14.0
0.577,59,2,166.74,3.3,6.0
0.827,88,5,128.69,4.2,23.0
0.97,114,5,134.34,2.1,3.0
0.71,65,3,193.79,2.8,17.0
0.93,99,5,124.73,2.4,10.0
0.692,68,3,132.46,2.2,5.0
0.548,52,1,83.05,4.4,14.0
0.689,65,4,102.77,3.3,17.0
0.778,72,3,140.25,3.5,13.0
0.569,52,1,163.97,3.5,12.0
0.479,57,3,125.01,2.0,14.0
0.61,68,3,158.82,4.4,1.0
0.964,90,5,100.65,1.8,12.0
0.864,88,6,146.32,2.9,16.0
0.534,59,3,105.86,2.7,15.0
0.595,49,3,130.22,4.1,15.0
0.747,72,3,160.05,2.9,1.0
0.631,55,3,131.66,2.2,12.0
0.782,77,3,163.69,3.2,14.0
0.64,70,4,149.87,2.0,1.0
0.709,74,2,184.1,2.6,20.0
0.719,79,4,189.78,3.1,8.0
0.532,43,2,110.07,1.6,18.0
0.657,70,4,133.89,3.8,11.0
0.872,94,7,164.98,2.9,12.0
0.555,59,3,152.16,2.9,3.0
0.5,49,3,86.38,4.3,19.0
0.663,54,3,109.02,3.8,19.0
0.677,60,1,141.62,1.9,4.0
0.702,61,2,144.28,1.9,6.0
0.827,89,6,187.67,2.0,15.0
0.977,94,5,116.62,2.6,11.0
0.8,84,5,168.39,3.6,15.0
0.601,50,2,178.31,3.8,4.0
0.553,49,2,145.36,2.0,19.0
0.501,44,3,83.46,1.6,6.0
0.569,63,4,133.57,2.3,11.0
0.811,68,2,117.69,4.4,3.0
0.636,56,3,165.85,2.9,6.0
0.565,59,2,176.63,2.5,4.0
0.743,75,3,138.28,3.6,12.0
0.83,99,3,179.27,1.9,11.0
0.684,61,2,99.55,2.6,6.0
0.608,57,1,176.07,2.1,5.0
0.631,51,3,190.56,2.5,13.0
0.573,59,2,199.17,1.7,21.0
0.791,88,5,125.71,3.3,0.0
0.736,73,5,169.79,1.6,16.0
0.735,65,2,128.87,3.2,13.0
0.66,77,3,117.7,2.6,20.0
0.578,49,2,189.26,1.5,17.0
0.864,100,4,90.79,1.6,5.0
0.517,57,3,105.84,4.4,8.0
0.709,82,2,190.22,3.3,7.0
0.718,82,6,156.51,3.1,16.0
0.558,62,4,178.55,2.3,14.0
0.702,70,3,186.08,3.7,4.0
0.634,72,4,184.95,2.3,11.0
0.832,68,2,123.12,1.9,7.0
0.852,88,5,148.57,2.0,20.0
0.517,55,1,138.92,3.7,4.0
0.617,57,2,124.9,2.4,9.0
0.643,61,3,144.39,2.5,14.0
0.531,63,2,150.24,2.8,19.0
0.585,56,3,155.76,4.3,17.0
0.594,50,1,147.33,4.2,10.0
0.695,63,4,191.57,4.2,19.0
0.623,55,2,94.53,2.8,16.0
0.722,77,2,184.8,2.3,22.0
0.954,86,3,181.91,1.5,3.0
0.773,70,4,137.56,2.9,9.0
0.784,62,4,191.98,2.3,10.0
0.67,77,3,95.72,3.2,2.0
0.895,104,4,157.7,2.3,13.0
0.823,96,4,192.62,4.2,10.0
0.772,85,4,100.64,3.0,12.0
0.666,79,5,117.29,3.2,11.0
0.774,91,2,182.29,2.6,14.0
0.856,92,4,82.87,2.1,3.0
0.615,58,3,151.45,4.5,3.0
0.813,79,3,135.84,2.5,2.0
0.803,71,3,180.0,2.2,23.0
0.748,66,2,104.11,1.7,12.0
0.698,78,3,139.56,1.8,3.0
0.61,63,4,138.62,2.5,0.0
0.899,80,4,148.83,3.3,9.0
0.763,79,5,182.75,4.4,16.0
0.496,46,3,164.2,1.9,11.0
0.724,77,3,97.52,4.5,12.0
0.697,64,4,183.74,2.7,16.0
0.596,67,5,156.04,4.0,4.0
0.917,78,2,115.84,2.1,18.0
0.757,86,4,196.85,3.9,17.0
0.932,90,6,126.63,2.6,8.0
0.525,62,4,186.31,2.8,16.0
0.893,71,5,83.43,3.7,2.0
0.585,60,3,82.23,2.8,17.0
0.799,72,2,108.32,2.3,19.0
0.62,67,4,130.16,1.9,14.0
0.857,70,4,87.6,2.8,2.0
0.825,90,4,117.97,2.7,6.0
0.725,70,5,130.63,2.5,6.0
0.699,81,3,114.15,2.6,13.0
0.894,77,3,196.59,2.5,0.0
0.724,61,1,184.59,3.3,0.0
0.701,68,4,136.42,1.9,12.0
0.712,82,4,198.98,4.1,1.0
0.54,60,3,141.79,1.9,6.0
0.78,89,6,171.89,2.6,21.0
0.569,58,3,84.59,3.3,4.0
0.61,70,2,120.92,3.4,19.0
0.543,64,5,151.22,2.5,13.0
0.504,54,1,106.93,1.9,7.0
0.919,99,7,96.45,4.4,11.0
0.828,77,5,86.9,2.2,1.0
0.592,66,2,120.97,2.4,15.0
0.808,82,5,81.54,3.4,18.0
0.699,78,5,195.0,4.3,5.0
0.937,86,4,197.0,2.9,21.0
0.523,49,3,193.54,3.0,15.0
0.573,47,1,189.4,1.7,22.0
0.559,46,2,149.45,3.1,17.0
0.768,70,5,176.73,2.1,7.0
0.555,58,4,173.13,3.7,7.0
0.679,65,2,183.63,2.1,21.0
0.524,57,3,107.83,3.6,10.0
0.786,88,3,137.16,1.8,5.0
0.738,64,3,181.59,4.2,13.0
0.902,93,5,199.68,3.2,17.0
0.892,95,4,139.2,3.6,19.0
0.685,62,3,195.45,1.5,0.0
0.808,71,3,141.88,4.4,15.0
0.695,65,5,91.51,2.0,9.0
0.512,48,2,199.17,3.2,17.0
0.613,72,5,107.7,1.5,2.0
0.558,57,1,156.29,1.8,5.0
0.648,65,3,167.09,2.3,7.0
0.657,64,3,121.8,2.0,15.0
0.522,62,3,197.19,1.6,5.0
0.722,73,3,184.72,2.2,1.0
0.777,69,3,199.39,4.2,11.0
0.749,83,6,100.33,1.9,18.0
0.749,63,3,127.24,3.0,11.0
0.775,82,5,173.44,3.5,7.0
0.559,48,1,115.86,2.8,11.0
0.56,52,2,90.4,2.5,22.0
0.476,42,2,163.19,3.1,3.0
0.885,90,4,96.39,2.2,12.0
0.809,70,3,168.01,2.9,0.0
0.825,80,2,189.76,3.6,9.0
0.805,65,4,98.82,2.4,5.0
0.66,74,3,153.98,2.0,9.0
0.647,56,3,115.56,2.3,17.0
0.758,83,3,81.62,4.4,20.0
0.591,59,3,179.34,2.4,6.0
0.693,72,2,134.24,4.2,9.0
0.653,68,4,158.7,3.0,2.0
0.606,49,3,119.63,1.9,0.0
0.919,88,3,195.83,2.9,21.0
0.715,74,2,181.11,3.9,10.0
0.953,110,6,105.06,2.0,23.0
0.767,61,4,122.24,3.9,10.0
0.644,59,4,143.21,2.9,19.0
0.947,104,6,116.07,2.7,20.0
0.738,74,3,144.96,2.3,22.0
0.773,64,4,150.14,3.8,22.0
0.78,92,5,160.29,4.2,7.0
0.757,82,5,131.31,3.0,23.0
0.799,64,3,151.21,3.3,8.0
0.629,63,2,167.67,4.5,3.0
0.613,54,2,189.29,3.3,0.0
0.674,75,5,191.8,3.4,13.0
0.642,62,2,111.16,3.2,19.0
0.529,58,3,111.4,1.7,5.0
0.665,58,4,124.08,2.3,14.0
0.645,59,2,182.38,2.1,1.0
0.562,54,3,144.86,2.9,2.0
0.583,47,1,123.35,3.5,2.0
0.775,62,3,97.3,2.1,21.0
0.653,60,2,120.36,1.6,10.0
0.689,71,3,155.2,2.9,13.0
0.68,76,3,94.49,2.6,19.0
0.813,78,5,171.55,2.3,2.0
0.821,89,6,157.37,2.8,10.0
0.679,71,4,118.09,4.4,3.0
0.61,55,3,126.74,3.1,14.0
0.656,55,3,114.47,1.7,22.0
0.79,87,2,194.44,4.1,18.0
0.652,75,5,109.01,2.5,3.0
0.633,56,3,139.81,3.1,22.0
0.941,111,4,97.48,2.0,5.0
0.686,64,5,85.89,3.9,8.0
0.535,51,4,171.01,1.5,18.0
0.591,55,4,177.99,3.1,15.0
0.597,60,2,150.5,3.3,18.0
0.696,81,3,111.01,3.4,11.0
0.506,58,3,129.73,1.7,19.0
0.818,77,2,154.58,3.2,16.0
0.773,62,1,93.78,1.8,0.0
0.606,65,2,123.05,2.4,22.0
0.519,45,1,95.75,2.9,16.0
0.602,67,4,167.29,3.0,12.0
0.577,60,2,171.07,3.4,13.0
0.84,99,7,196.89,2.1,12.0
0.866,75,5,156.06,3.1,4.0
0.581,64,4,148.18,3.0,17.0
0.832,74,2,123.68,3.0,13.0
0.695,74,2,163.9,3.8,13.0
0.624,58,1,92.06,3.7,3.0
0.582,67,3,140.24,2.3,0.0
0.703,65,2,90.89,1.7,19.0
0.686,66,4,178.29,4.3,5.0
0.832,68,4,112.6,3.7,6.0
0.894,103,7,164.89,2.4,1.0
0.782,74,3,157.36,1.9,17.0
0.769,85,4,107.21,2.5,15.0
0.745,86,3,138.5,1.8,14.0
0.516,59,3,171.41,3.4,11.0
0.773,65,2,194.64,3.4,2.0
0.889,86,2,114.15,2.8,12.0
0.833,68,3,99.34,3.2,6.0
0.641,55,2,182.39,2.3,3.0
0.836,87,3,115.42,1.7,16.0
0.543,48,2,182.91,1.5,3.0
0.738,66,5,189.89,2.5,13.0
0.756,77,5,138.54,2.7,12.0
0.743,59,3,177.44,4.1,23.0
0.49,42,1,113.75,4.4,2.0
0.788,73,2,139.55,1.5,23.0
0.691,70,2,142.21,3.0,13.0
0.767,80,6,168.71,4.4,18.0
0.519,61,3,193.47,4.0,19.0
0.978,98,7,121.59,2.1,10.0
0.724,84,6,99.75,3.2,2.0
0.607,53,1,87.0,2.6,7.0
0.557,63,3,142.64,3.1,11.0
0.766,89,4,142.35,2.8,21.0
0.796,76,4,192.72,3.6,10.0
0.676,68,2,82.65,4.2,17.0
0.604,56,2,171.7,1.8,4.0
0.499,55,2,156.55,2.1,6.0
0.746,71,2,170.12,1.9,11.0
0.53,57,1,133.76,1.8,19.0
0.533,47,3,167.75,2.8,23.0
0.556,58,3,170.88,4.3,2.0
0.722,58,2,137.32,4.3,18.0
0.668,58,3,173.43,2.4,3.0
0.941,103,3,107.17,1.8,13.0
0.876,79,6,88.53,2.8,15.0
0.833,98,6,191.11,1.8,3.0
0.549,60,3,124.8,4.2,8.0
0.775,71,2,181.14,1.6,22.0
0.564,64,4,150.62,1.6,12.0
0.781,66,3,151.93,3.6,14.0
0.537,49,1,157.04,3.9,13.0
0.873,79,5,146.88,3.3,2.0
0.938,107,6,176.89,2.4,8.0
0.59,51,2,104.61,2.2,23.0
0.566,50,3,109.79,2.2,7.0
0.583,49,1,109.14,2.7,9.0
0.541,57,4,134.96,4.0,10.0
0.702,74,5,188.05,3.6,21.0
0.891,86,4,108.82,4.2,20.0
0.719,77,5,177.54,2.3,17.0
0.615,69,4,125.99,3.2,20.0
0.628,66,4,193.33,3.8,22.0
0.777,85,4,157.85,2.9,3.0
0.667,54,3,134.72,4.0,0.0
0.67,79,4,174.34,3.4,14.0
0.728,80,4,139.62,1.9,17.0
0.652,61,4,150.57,2.8,19.0
0.67,61,4,169.26,3.2,6.0
0.584,66,2,151.36,3.6,11.0
0.832,76,3,131.45,4.5,10.0
0.834,84,5,183.3,4.1,7.0
0.64,67,3,87.34,2.7,14.0
0.554,56,2,149.78,3.7,21.0
0.943,94,3,116.09,2.8,10.0
0.562,55,2,166.52,4.1,19.0
0.677,64,4,167.95,2.1,1.0
0.799,84,4,128.95,3.6,1.0
0.513,56,2,196.73,4.4,9.0
0.879,83,5,151.39,4.1,22.0
0.688,58,4,134.54,3.8,19.0
0.513,59,4,169.44,3.6,13.0
0.719,73,5,139.24,1.7,15.0
0.708,68,4,100.25,2.9,7.0
0.516,49,3,105.97,3.2,20.0
0.767,62,3,94.97,2.8,16.0
0.736,59,3,103.25,4.1,10.0
0.733,84,6,109.78,3.6,12.0
0.601,56,4,83.11,4.3,10.0
0.758,70,3,91.51,1.9,10.0
0.593,53,3,170.16,1.9,20.0
0.758,73,3,107.28,2.7,21.0
0.702,66,4,94.86,3.4,6.0
0.679,79,5,143.17,3.5,1.0
0.827,72,5,137.38,3.9,20.0
0.736,63,2,84.32,2.6,0.0
0.863,99,5,122.78,4.2,22.0
0.891,92,5,173.05,1.6,17.0
0.805,70,2,129.74,3.6,12.0
0.805,84,5,191.18,3.3,2.0
0.714,82,5,198.38,4.0,23.0
0.873,94,6,86.38,1.9,2.0
0.801,89,6,127.93,1.5,15.0
0.727,62,1,93.08,2.3,23.0
0.854,75,3,168.06,4.1,20.0
0.848,90,3,161.47,2.6,8.0
0.721,68,4,181.84,1.8,13.0
0.722,74,2,144.02,3.8,4.0
0.813,86,3,186.12,2.1,16.0
0.898,97,7,198.72,4.4,14.0
0.92,76,5,104.97,4.5,9.0
0.51,51,2,164.67,2.6,14.0
0.59,63,3,189.73,3.9,11.0
0.622,74,4,108.89,2.1,1.0
0.576,54,3,115.21,3.1,10.0
0.566,49,2,158.06,3.7,4.0
0.771,78,4,83.49,2.0,13.0
0.654,65,2,124.2,4.2,0.0
0.519,53,2,98.05,1.8,2.0
0.582,66,5,159.67,2.7,19.0
0.885,74,3,145.9,2.3,9.0
0.613,56,2,164.93,1.9,8.0
0.546,60,2,139.83,4.2,12.0
0.516,53,4,159.98,2.3,20.0
0.754,65,4,184.62,2.9,1.0
0.506,49,2,191.29,4.1,9.0
0.711,70,2,109.23,3.0,10.0
0.758,82,5,110.71,3.9,19.0
0.488,46,2,139.16,4.5,3.0
0.818,80,2,82.58,3.7,0.0
0.558,52,2,99.83,2.5,9.0
0.813,85,5,176.77,2.2,16.0
0.742,71,5,103.04,1.8,19.0
0.557,46,1,145.0,4.0,23.0
0.605,65,3,108.7,2.7,0.0
0.853,69,2,83.38,3.5,21.0
0.852,91,4,112.01,2.4,19.0
0.774,91,5,98.77,4.3,21.0
0.827,81,3,99.66,3.0,2.0
0.549,51,1,90.12,2.9,19.0
0.799,91,5,123.37,3.2,8.0
0.682,72,5,138.0,2.2,23.0
0.817,75,2,147.09,2.2,17.0
0.65,74,5,95.98,4.0,9.0
0.706,63,2,124.54,3.3,1.0
0.679,73,4,136.21,4.3,19.0
0.707,73,4,111.49,3.8,4.0
0.755,82,5,115.33,4.4,2.0
0.694,76,3,131.21,2.1,6.0
0.794,84,4,105.26,2.0,8.0
0.622,52,3,198.02,2.2,17.0
0.729,65,2,94.75,3.2,10.0
0.557,50,3,165.52,4.3,4.0
0.821,88,3,181.05,2.2,9.0
0.636,66,4,199.82,2.4,12.0
0.872,70,5,121.3,3.7,20.0
0.788,89,6,185.41,4.3,10.0
0.629,51,2,108.41,3.1,2.0
0.847,70,3,171.3,4.0,4.0
0.499,50,3,185.36,1.8,7.0
0.797,95,4,136.91,1.8,8.0
0.809,70,4,109.42,1.6,15.0
0.774,67,2,192.59,2.6,7.0
0.862,101,5,152.97,3.3,13.0
0.774,90,3,130.34,4.4,13.0
0.753,71,3,90.61,3.2,19.0
0.706,63,4,189.31,3.5,9.0
0.688,66,4,164.94,3.7,1.0
0.649,74,5,188.01,3.3,22.0
0.601,69,5,181.42,2.9,22.0
0.774,67,4,162.11,1.8,17.0
0.658,59,3,187.16,3.0,8.0
0.822,89,5,104.33,4.0,9.0
0.589,63,4,160.08,4.2,9.0
0.491,42,2,101.55,2.9,15.0
0.622,71,4,96.64,3.1,22.0
0.699,61,2,160.93,4.5,5.0
0.711,80,6,142.39,3.6,5.0
0.617,73,5,139.27,3.2,15.0
0.83,71,2,187.02,2.5,19.0
0.623,68,4,190.19,1.9,1.0
0.698,80,3,162.48,4.4,19.0
0.693,61,3,133.35,2.6,0.0
0.504,41,1,133.89,2.0,20.0
0.632,59,2,152.11,3.8,7.0
0.695,62,3,114.89,2.7,23.0
0.64,66,3,138.15,2.6,17.0
0.68,55,1,156.06,3.4,20.0
0.602,54,2,154.15,2.6,0.0
0.594,69,2,142.08,3.0,12.0
0.86,85,2,116.67,2.1,22.0
0.935,79,5,168.3,2.0,21.0
0.822,71,5,122.84,2.0,20.0
0.739,66,4,80.14,3.6,7.0
0.81,74,5,98.44,4.3,16.0
0.523,48,3,157.83,2.1,20.0
0.883,89,5,134.12,2.9,8.0
0.765,70,2,187.54,2.3,16.0
0.582,69,5,164.34,1.9,12.0
0.802,88,6,141.29,2.2,3.0
0.511,49,3,137.76,2.8,4.0
0.786,89,6,186.12,2.1,10.0
0.497,44,2,163.66,2.8,13.0
0.469,41,1,125.67,2.5,14.0
0.883,102,5,141.43,2.3,16.0
0.847,87,6,113.75,2.6,18.0
0.884,105,7,88.16,3.5,23.0
0.881,80,5,144.39,4.3,17.0
0.625,62,2,80.87,3.5,1.0
0.702,68,2,196.84,3.2,9.0
0.634,68,3,85.54,2.9,8.0
0.806,68,4,99.25,4.3,11.0
0.666,75,4,109.54,1.8,17.0
0.723,65,3,106.93,3.2,17.0
0.887,82,3,121.12,3.3,21.0
0.664,59,3,187.78,1.8,11.0
0.653,59,3,95.84,2.9,8.0
0.761,69,2,104.81,4.4,10.0
0.737,81,4,161.76,4.1,17.0
0.763,79,5,195.16,4.2,18.0
0.52,48,2,163.1,4.3,9.0
0.807,64,2,167.36,2.2,17.0
0.729,71,5,153.94,3.8,10.0
0.594,65,2,196.83,2.1,20.0
0.657,64,4,98.83,3.6,0.0
0.621,60,2,149.87,1.7,11.0
0.507,51,2,199.18,3.9,22.0
0.526,51,2,80.62,4.1,8.0
0.614,49,1,167.62,1.9,5.0
0.758,79,5,177.22,3.3,3.0
0.727,70,4,198.46,1.7,17.0
0.791,94,6,177.47,4.4,6.0
0.535,44,1,174.64,3.2,23.0
0.856,71,3,96.18,4.2,6.0
0.623,55,3,183.28,4.1,6.0
0.789,82,2,126.87,2.5,9.0
0.575,64,2,108.15,4.0,10.0
0.788,70,2,163.57,2.1,5.0
0.489,53,2,92.02,3.5,17.0
0.565,51,2,146.21,1.5,17.0
0.721,74,2,188.64,3.1,3.0
0.889,74,2,90.76,2.7,13.0
0.723,82,6,85.48,4.5,0.0
0.639,63,2,110.49,4.3,3.0
0.79,70,3,97.16,2.6,3.0
0.567,60,3,172.75,2.4,5.0
0.73,86,3,87.71,3.4,8.0
0.652,67,5,143.18,3.1,5.0
0.679,71,3,177.66,3.4,12.0
0.628,56,4,107.41,3.2,5.0
0.635,67,3,146.53,1.8,21.0
0.715,57,2,104.22,4.2,12.0
0.617,68,4,182.81,3.4,11.0
0.723,73,2,196.59,2.0,17.0
0.562,59,3,141.29,3.2,21.0
0.596,49,1,138.52,2.3,17.0
0.898,82,3,107.77,3.9,11.0
0.676,65,2,109.11,4.2,14.0
0.677,59,3,166.79,2.8,23.0
0.521,44,1,163.54,4.0,13.0
0.874,76,3,151.23,1.5,18.0
0.791,63,4,122.37,4.2,16.0
0.773,64,1,119.59,4.0,5.0
0.873,85,4,90.56,1.9,21.0
0.908,78,4,185.68,4.3,1.0
0.663,77,2,197.7,4.3,8.0
0.872,82,2,184.23,2.6,11.0
0.511,57,3,151.34,1.5,23.0
0.676,80,4,182.64,2.8,22.0
0.717,77,4,143.55,2.7,14.0
0.665,75,3,138.01,3.9,6.0
0.499,42,1,117.48,4.3,21.0
0.663,60,2,187.66,2.1,19.0
0.543,63,3,98.83,1.8,10.0
0.794,74,3,112.11,3.2,3.0
0.557,57,4,96.92,2.2,11.0
0.851,88,3,83.19,2.4,18.0
0.667,79,2,171.24,2.5,22.0
0.795,64,2,105.08,2.7,19.0
0.595,65,4,81.91,4.0,1.0
0.862,76,5,90.49,4.1,10.0
0.549,65,3,80.02,3.8,1.0
0.729,75,3,193.21,3.1,11.0
0.783,93,4,180.55,2.8,4.0
0.78,91,2,151.93,3.4,7.0
0.852,72,3,167.88,4.0,15.0
0.479,40,2,156.96,2.1,21.0
0.868,86,3,183.39,4.1,4.0
0.761,79,3,120.45,3.7,15.0
0.672,79,5,144.26,2.1,4.0
0.927,109,7,103.45,4.5,11.0
0.537,60,2,176.39,2.8,3.0
0.57,48,2,199.57,3.4,9.0
0.865,86,4,141.85,3.4,13.0
0.683,70,2,140.71,3.1,23.0
0.784,75,4,139.35,2.6,9.0
0.553,48,2,186.57,3.1,17.0
0.576,56,4,179.95,2.2,13.0
0.625,63,4,126.65,3.3,8.0
0.552,46,2,81.06,3.8,22.0
0.884,70,3,116.28,1.6,11.0
0.548,50,2,198.66,2.2,4.0
0.836,87,3,148.46,2.6,11.0
0.65,56,4,107.57,1.6,23.0
0.563,50,1,178.35,4.5,11.0
0.749,70,3,120.78,2.1,8.0
0.557,45,2,107.81,1.5,7.0
0.598,62,3,87.48,3.2,6.0
0.756,75,3,125.38,3.2,21.0
0.645,57,3,118.37,4.2,11.0
0.907,86,3,166.22,1.6,23.0
0.602,53,3,168.77,2.0,0.0
0.722,67,2,184.78,2.9,20.0
0.827,77,5,181.22,4.1,11.0
0.802,74,4,144.87,2.0,18.0
0.925,105,4,165.43,3.6,22.0
